Year,variable,value,Type,Powertrain,Technology,Market
2021,Sed-ICE-Hig-Private,5.676256106,Sedan,ICEV,ICEV-High,Personal
2022,Sed-ICE-Hig-Private,8.647294586,Sedan,ICEV,ICEV-High,Personal
2023,Sed-ICE-Hig-Private,11.60117643,Sedan,ICEV,ICEV-High,Personal
2024,Sed-ICE-Hig-Private,14.51641827,Sedan,ICEV,ICEV-High,Personal
2025,Sed-ICE-Hig-Private,16.9229241,Sedan,ICEV,ICEV-High,Personal
2026,Sed-ICE-Hig-Private,19.29290483,Sedan,ICEV,ICEV-High,Personal
2027,Sed-ICE-Hig-Private,21.60194154,Sedan,ICEV,ICEV-High,Personal
2028,Sed-ICE-Hig-Private,23.77913133,Sedan,ICEV,ICEV-High,Personal
2029,Sed-ICE-Hig-Private,25.79837882,Sedan,ICEV,ICEV-High,Personal
2030,Sed-ICE-Hig-Private,27.59135926,Sedan,ICEV,ICEV-High,Personal
2031,Sed-ICE-Hig-Private,29.1152098,Sedan,ICEV,ICEV-High,Personal
2032,Sed-ICE-Hig-Private,30.23594664,Sedan,ICEV,ICEV-High,Personal
2033,Sed-ICE-Hig-Private,30.93879575,Sedan,ICEV,ICEV-High,Personal
2034,Sed-ICE-Hig-Private,31.19695225,Sedan,ICEV,ICEV-High,Personal
2035,Sed-ICE-Hig-Private,31.22002342,Sedan,ICEV,ICEV-High,Personal
2036,Sed-ICE-Hig-Private,30.84273755,Sedan,ICEV,ICEV-High,Personal
2037,Sed-ICE-Hig-Private,30.11707906,Sedan,ICEV,ICEV-High,Personal
2038,Sed-ICE-Hig-Private,29.19395656,Sedan,ICEV,ICEV-High,Personal
2039,Sed-ICE-Hig-Private,28.1071034,Sedan,ICEV,ICEV-High,Personal
2040,Sed-ICE-Hig-Private,26.90408528,Sedan,ICEV,ICEV-High,Personal
2041,Sed-ICE-Hig-Private,25.61631574,Sedan,ICEV,ICEV-High,Personal
2042,Sed-ICE-Hig-Private,24.23646987,Sedan,ICEV,ICEV-High,Personal
2043,Sed-ICE-Hig-Private,22.79450846,Sedan,ICEV,ICEV-High,Personal
2044,Sed-ICE-Hig-Private,21.31393586,Sedan,ICEV,ICEV-High,Personal
2045,Sed-ICE-Hig-Private,19.79909592,Sedan,ICEV,ICEV-High,Personal
2046,Sed-ICE-Hig-Private,18.246368,Sedan,ICEV,ICEV-High,Personal
2047,Sed-ICE-Hig-Private,16.66816236,Sedan,ICEV,ICEV-High,Personal
2048,Sed-ICE-Hig-Private,15.09163931,Sedan,ICEV,ICEV-High,Personal
2049,Sed-ICE-Hig-Private,13.53499845,Sedan,ICEV,ICEV-High,Personal
2050,Sed-ICE-Hig-Private,12.03117428,Sedan,ICEV,ICEV-High,Personal
2021,Sed-ICE-Avg-Private,132.8102179,Sedan,ICEV,ICEV-Avg,Personal
2022,Sed-ICE-Avg-Private,128.0004183,Sedan,ICEV,ICEV-Avg,Personal
2023,Sed-ICE-Avg-Private,123.3225956,Sedan,ICEV,ICEV-Avg,Personal
2024,Sed-ICE-Avg-Private,118.5580982,Sedan,ICEV,ICEV-Avg,Personal
2025,Sed-ICE-Avg-Private,112.9251455,Sedan,ICEV,ICEV-Avg,Personal
2026,Sed-ICE-Avg-Private,106.6231015,Sedan,ICEV,ICEV-Avg,Personal
2027,Sed-ICE-Avg-Private,99.77875291,Sedan,ICEV,ICEV-Avg,Personal
2028,Sed-ICE-Avg-Private,92.39235633,Sedan,ICEV,ICEV-Avg,Personal
2029,Sed-ICE-Avg-Private,84.56019692,Sedan,ICEV,ICEV-Avg,Personal
2030,Sed-ICE-Avg-Private,76.53907555,Sedan,ICEV,ICEV-Avg,Personal
2031,Sed-ICE-Avg-Private,68.7733628,Sedan,ICEV,ICEV-Avg,Personal
2032,Sed-ICE-Avg-Private,61.58348174,Sedan,ICEV,ICEV-Avg,Personal
2033,Sed-ICE-Avg-Private,55.36138639,Sedan,ICEV,ICEV-Avg,Personal
2034,Sed-ICE-Avg-Private,50.30222642,Sedan,ICEV,ICEV-Avg,Personal
2035,Sed-ICE-Avg-Private,46.60285345,Sedan,ICEV,ICEV-Avg,Personal
2036,Sed-ICE-Avg-Private,43.75579085,Sedan,ICEV,ICEV-Avg,Personal
2037,Sed-ICE-Avg-Private,41.45397327,Sedan,ICEV,ICEV-Avg,Personal
2038,Sed-ICE-Avg-Private,39.56023293,Sedan,ICEV,ICEV-Avg,Personal
2039,Sed-ICE-Avg-Private,37.84059906,Sedan,ICEV,ICEV-Avg,Personal
2040,Sed-ICE-Avg-Private,36.21588917,Sedan,ICEV,ICEV-Avg,Personal
2041,Sed-ICE-Avg-Private,34.59678933,Sedan,ICEV,ICEV-Avg,Personal
2042,Sed-ICE-Avg-Private,32.90042244,Sedan,ICEV,ICEV-Avg,Personal
2043,Sed-ICE-Avg-Private,31.13329881,Sedan,ICEV,ICEV-Avg,Personal
2044,Sed-ICE-Avg-Private,29.29951024,Sedan,ICEV,ICEV-Avg,Personal
2045,Sed-ICE-Avg-Private,27.38258124,Sedan,ICEV,ICEV-Avg,Personal
2046,Sed-ICE-Avg-Private,25.38659803,Sedan,ICEV,ICEV-Avg,Personal
2047,Sed-ICE-Avg-Private,23.32062525,Sedan,ICEV,ICEV-Avg,Personal
2048,Sed-ICE-Avg-Private,21.22117351,Sedan,ICEV,ICEV-Avg,Personal
2049,Sed-ICE-Avg-Private,19.11682709,Sedan,ICEV,ICEV-Avg,Personal
2050,Sed-ICE-Avg-Private,17.05780302,Sedan,ICEV,ICEV-Avg,Personal
2021,Sed-ICE-Low-Private,1.036709359,Sedan,HEV,HEV,Personal
2022,Sed-ICE-Low-Private,1.28117889,Sedan,HEV,HEV,Personal
2023,Sed-ICE-Low-Private,1.573318853,Sedan,HEV,HEV,Personal
2024,Sed-ICE-Low-Private,1.894308464,Sedan,HEV,HEV,Personal
2025,Sed-ICE-Low-Private,2.836575261,Sedan,HEV,HEV,Personal
2026,Sed-ICE-Low-Private,3.806320798,Sedan,HEV,HEV,Personal
2027,Sed-ICE-Low-Private,4.829722292,Sedan,HEV,HEV,Personal
2028,Sed-ICE-Low-Private,5.935782188,Sedan,HEV,HEV,Personal
2029,Sed-ICE-Low-Private,7.201692893,Sedan,HEV,HEV,Personal
2030,Sed-ICE-Low-Private,8.367954293,Sedan,HEV,HEV,Personal
2031,Sed-ICE-Low-Private,9.546694488,Sedan,HEV,HEV,Personal
2032,Sed-ICE-Low-Private,10.8057358,Sedan,HEV,HEV,Personal
2033,Sed-ICE-Low-Private,11.91290954,Sedan,HEV,HEV,Personal
2034,Sed-ICE-Low-Private,13.03600106,Sedan,HEV,HEV,Personal
2035,Sed-ICE-Low-Private,13.35764504,Sedan,HEV,HEV,Personal
2036,Sed-ICE-Low-Private,13.57260154,Sedan,HEV,HEV,Personal
2037,Sed-ICE-Low-Private,13.63141598,Sedan,HEV,HEV,Personal
2038,Sed-ICE-Low-Private,13.53958319,Sedan,HEV,HEV,Personal
2039,Sed-ICE-Low-Private,13.25621625,Sedan,HEV,HEV,Personal
2040,Sed-ICE-Low-Private,12.81376061,Sedan,HEV,HEV,Personal
2041,Sed-ICE-Low-Private,12.20464043,Sedan,HEV,HEV,Personal
2042,Sed-ICE-Low-Private,11.43685407,Sedan,HEV,HEV,Personal
2043,Sed-ICE-Low-Private,10.55186186,Sedan,HEV,HEV,Personal
2044,Sed-ICE-Low-Private,9.589625496,Sedan,HEV,HEV,Personal
2045,Sed-ICE-Low-Private,8.581513001,Sedan,HEV,HEV,Personal
2046,Sed-ICE-Low-Private,7.57166568,Sedan,HEV,HEV,Personal
2047,Sed-ICE-Low-Private,6.598505512,Sedan,HEV,HEV,Personal
2048,Sed-ICE-Low-Private,5.700126994,Sedan,HEV,HEV,Personal
2049,Sed-ICE-Low-Private,4.896679037,Sedan,HEV,HEV,Personal
2050,Sed-ICE-Low-Private,4.19615861,Sedan,HEV,HEV,Personal
2021,Sed-PHEV-Private,0.324616577,Sedan,PHEV,PHEV,Personal
2022,Sed-PHEV-Private,0.39489918,Sedan,PHEV,PHEV,Personal
2023,Sed-PHEV-Private,0.465674488,Sedan,PHEV,PHEV,Personal
2024,Sed-PHEV-Private,0.567384241,Sedan,PHEV,PHEV,Personal
2025,Sed-PHEV-Private,0.945817129,Sedan,PHEV,PHEV,Personal
2026,Sed-PHEV-Private,1.448208276,Sedan,PHEV,PHEV,Personal
2027,Sed-PHEV-Private,2.070354604,Sedan,PHEV,PHEV,Personal
2028,Sed-PHEV-Private,2.823239042,Sedan,PHEV,PHEV,Personal
2029,Sed-PHEV-Private,3.495929144,Sedan,PHEV,PHEV,Personal
2030,Sed-PHEV-Private,4.339939563,Sedan,PHEV,PHEV,Personal
2031,Sed-PHEV-Private,5.164625305,Sedan,PHEV,PHEV,Personal
2032,Sed-PHEV-Private,5.785532633,Sedan,PHEV,PHEV,Personal
2033,Sed-PHEV-Private,6.409061813,Sedan,PHEV,PHEV,Personal
2034,Sed-PHEV-Private,6.891110848,Sedan,PHEV,PHEV,Personal
2035,Sed-PHEV-Private,7.355837098,Sedan,PHEV,PHEV,Personal
2036,Sed-PHEV-Private,7.798950853,Sedan,PHEV,PHEV,Personal
2037,Sed-PHEV-Private,8.200523153,Sedan,PHEV,PHEV,Personal
2038,Sed-PHEV-Private,8.549184894,Sedan,PHEV,PHEV,Personal
2039,Sed-PHEV-Private,8.810909148,Sedan,PHEV,PHEV,Personal
2040,Sed-PHEV-Private,8.993205307,Sedan,PHEV,PHEV,Personal
2041,Sed-PHEV-Private,9.080231351,Sedan,PHEV,PHEV,Personal
2042,Sed-PHEV-Private,9.077963215,Sedan,PHEV,PHEV,Personal
2043,Sed-PHEV-Private,9.008897701,Sedan,PHEV,PHEV,Personal
2044,Sed-PHEV-Private,8.896568581,Sedan,PHEV,PHEV,Personal
2045,Sed-PHEV-Private,8.749334091,Sedan,PHEV,PHEV,Personal
2046,Sed-PHEV-Private,8.582828573,Sedan,PHEV,PHEV,Personal
2047,Sed-PHEV-Private,8.397793063,Sedan,PHEV,PHEV,Personal
2048,Sed-PHEV-Private,8.200880943,Sedan,PHEV,PHEV,Personal
2049,Sed-PHEV-Private,7.983656786,Sedan,PHEV,PHEV,Personal
2050,Sed-PHEV-Private,7.746431417,Sedan,PHEV,PHEV,Personal
2021,Sed-BEV-Sht-Private,0.062418634,Sedan,BEV,BEV-Sht,Personal
2022,Sed-BEV-Sht-Private,0.120534307,Sedan,BEV,BEV-Sht,Personal
2023,Sed-BEV-Sht-Private,0.207126024,Sedan,BEV,BEV-Sht,Personal
2024,Sed-BEV-Sht-Private,0.319931783,Sedan,BEV,BEV-Sht,Personal
2025,Sed-BEV-Sht-Private,0.425431135,Sedan,BEV,BEV-Sht,Personal
2026,Sed-BEV-Sht-Private,0.547654052,Sedan,BEV,BEV-Sht,Personal
2027,Sed-BEV-Sht-Private,0.692480048,Sedan,BEV,BEV-Sht,Personal
2028,Sed-BEV-Sht-Private,0.871366216,Sedan,BEV,BEV-Sht,Personal
2029,Sed-BEV-Sht-Private,1.066807136,Sedan,BEV,BEV-Sht,Personal
2030,Sed-BEV-Sht-Private,1.294370642,Sedan,BEV,BEV-Sht,Personal
2031,Sed-BEV-Sht-Private,1.571733769,Sedan,BEV,BEV-Sht,Personal
2032,Sed-BEV-Sht-Private,1.870879628,Sedan,BEV,BEV-Sht,Personal
2033,Sed-BEV-Sht-Private,2.219183592,Sedan,BEV,BEV-Sht,Personal
2034,Sed-BEV-Sht-Private,2.629382004,Sedan,BEV,BEV-Sht,Personal
2035,Sed-BEV-Sht-Private,3.080410066,Sedan,BEV,BEV-Sht,Personal
2036,Sed-BEV-Sht-Private,3.568096549,Sedan,BEV,BEV-Sht,Personal
2037,Sed-BEV-Sht-Private,4.084418153,Sedan,BEV,BEV-Sht,Personal
2038,Sed-BEV-Sht-Private,4.625756274,Sedan,BEV,BEV-Sht,Personal
2039,Sed-BEV-Sht-Private,5.17275309,Sedan,BEV,BEV-Sht,Personal
2040,Sed-BEV-Sht-Private,5.725212522,Sedan,BEV,BEV-Sht,Personal
2041,Sed-BEV-Sht-Private,6.27456761,Sedan,BEV,BEV-Sht,Personal
2042,Sed-BEV-Sht-Private,6.800744196,Sedan,BEV,BEV-Sht,Personal
2043,Sed-BEV-Sht-Private,7.298205022,Sedan,BEV,BEV-Sht,Personal
2044,Sed-BEV-Sht-Private,7.754280599,Sedan,BEV,BEV-Sht,Personal
2045,Sed-BEV-Sht-Private,8.149620601,Sedan,BEV,BEV-Sht,Personal
2046,Sed-BEV-Sht-Private,8.475557545,Sedan,BEV,BEV-Sht,Personal
2047,Sed-BEV-Sht-Private,8.719184262,Sedan,BEV,BEV-Sht,Personal
2048,Sed-BEV-Sht-Private,8.877634157,Sedan,BEV,BEV-Sht,Personal
2049,Sed-BEV-Sht-Private,8.948511842,Sedan,BEV,BEV-Sht,Personal
2050,Sed-BEV-Sht-Private,8.938899531,Sedan,BEV,BEV-Sht,Personal
2021,Sed-BEV-Mid-Private,0.799169703,Sedan,BEV,BEV-Mid,Personal
2022,Sed-BEV-Mid-Private,0.835757489,Sedan,BEV,BEV-Mid,Personal
2023,Sed-BEV-Mid-Private,0.870514774,Sedan,BEV,BEV-Mid,Personal
2024,Sed-BEV-Mid-Private,0.909228609,Sedan,BEV,BEV-Mid,Personal
2025,Sed-BEV-Mid-Private,0.982923585,Sedan,BEV,BEV-Mid,Personal
2026,Sed-BEV-Mid-Private,1.05223128,Sedan,BEV,BEV-Mid,Personal
2027,Sed-BEV-Mid-Private,1.118375521,Sedan,BEV,BEV-Mid,Personal
2028,Sed-BEV-Mid-Private,1.165247603,Sedan,BEV,BEV-Mid,Personal
2029,Sed-BEV-Mid-Private,1.20847428,Sedan,BEV,BEV-Mid,Personal
2030,Sed-BEV-Mid-Private,1.266950984,Sedan,BEV,BEV-Mid,Personal
2031,Sed-BEV-Mid-Private,1.299954409,Sedan,BEV,BEV-Mid,Personal
2032,Sed-BEV-Mid-Private,1.359328768,Sedan,BEV,BEV-Mid,Personal
2033,Sed-BEV-Mid-Private,1.4496602,Sedan,BEV,BEV-Mid,Personal
2034,Sed-BEV-Mid-Private,1.582452964,Sedan,BEV,BEV-Mid,Personal
2035,Sed-BEV-Mid-Private,1.765201384,Sedan,BEV,BEV-Mid,Personal
2036,Sed-BEV-Mid-Private,2.001993437,Sedan,BEV,BEV-Mid,Personal
2037,Sed-BEV-Mid-Private,2.287896136,Sedan,BEV,BEV-Mid,Personal
2038,Sed-BEV-Mid-Private,2.627377133,Sedan,BEV,BEV-Mid,Personal
2039,Sed-BEV-Mid-Private,3.010833843,Sedan,BEV,BEV-Mid,Personal
2040,Sed-BEV-Mid-Private,3.442407089,Sedan,BEV,BEV-Mid,Personal
2041,Sed-BEV-Mid-Private,3.891817752,Sedan,BEV,BEV-Mid,Personal
2042,Sed-BEV-Mid-Private,4.346309803,Sedan,BEV,BEV-Mid,Personal
2043,Sed-BEV-Mid-Private,4.801857799,Sedan,BEV,BEV-Mid,Personal
2044,Sed-BEV-Mid-Private,5.248840762,Sedan,BEV,BEV-Mid,Personal
2045,Sed-BEV-Mid-Private,5.671996206,Sedan,BEV,BEV-Mid,Personal
2046,Sed-BEV-Mid-Private,6.062587635,Sedan,BEV,BEV-Mid,Personal
2047,Sed-BEV-Mid-Private,6.407378992,Sedan,BEV,BEV-Mid,Personal
2048,Sed-BEV-Mid-Private,6.69921905,Sedan,BEV,BEV-Mid,Personal
2049,Sed-BEV-Mid-Private,6.93069433,Sedan,BEV,BEV-Mid,Personal
2050,Sed-BEV-Mid-Private,7.101556491,Sedan,BEV,BEV-Mid,Personal
2021,Sed-BEV-Lng-Private,0.030299259,Sedan,BEV,BEV-Lng,Personal
2022,Sed-BEV-Lng-Private,0.045466454,Sedan,BEV,BEV-Lng,Personal
2023,Sed-BEV-Lng-Private,0.058203521,Sedan,BEV,BEV-Lng,Personal
2024,Sed-BEV-Lng-Private,0.079448708,Sedan,BEV,BEV-Lng,Personal
2025,Sed-BEV-Lng-Private,0.14669963,Sedan,BEV,BEV-Lng,Personal
2026,Sed-BEV-Lng-Private,0.213360092,Sedan,BEV,BEV-Lng,Personal
2027,Sed-BEV-Lng-Private,0.309620455,Sedan,BEV,BEV-Lng,Personal
2028,Sed-BEV-Lng-Private,0.424674918,Sedan,BEV,BEV-Lng,Personal
2029,Sed-BEV-Lng-Private,0.574557197,Sedan,BEV,BEV-Lng,Personal
2030,Sed-BEV-Lng-Private,0.738860474,Sedan,BEV,BEV-Lng,Personal
2031,Sed-BEV-Lng-Private,0.890315327,Sedan,BEV,BEV-Lng,Personal
2032,Sed-BEV-Lng-Private,1.06155869,Sedan,BEV,BEV-Lng,Personal
2033,Sed-BEV-Lng-Private,1.2110127,Sedan,BEV,BEV-Lng,Personal
2034,Sed-BEV-Lng-Private,1.34636293,Sedan,BEV,BEV-Lng,Personal
2035,Sed-BEV-Lng-Private,1.516751821,Sedan,BEV,BEV-Lng,Personal
2036,Sed-BEV-Lng-Private,1.734500036,Sedan,BEV,BEV-Lng,Personal
2037,Sed-BEV-Lng-Private,2.005460173,Sedan,BEV,BEV-Lng,Personal
2038,Sed-BEV-Lng-Private,2.348689914,Sedan,BEV,BEV-Lng,Personal
2039,Sed-BEV-Lng-Private,2.771594228,Sedan,BEV,BEV-Lng,Personal
2040,Sed-BEV-Lng-Private,3.290762968,Sedan,BEV,BEV-Lng,Personal
2041,Sed-BEV-Lng-Private,3.850368189,Sedan,BEV,BEV-Lng,Personal
2042,Sed-BEV-Lng-Private,4.442400039,Sedan,BEV,BEV-Lng,Personal
2043,Sed-BEV-Lng-Private,5.068814225,Sedan,BEV,BEV-Lng,Personal
2044,Sed-BEV-Lng-Private,5.725602078,Sedan,BEV,BEV-Lng,Personal
2045,Sed-BEV-Lng-Private,6.401312957,Sedan,BEV,BEV-Lng,Personal
2046,Sed-BEV-Lng-Private,7.089534378,Sedan,BEV,BEV-Lng,Personal
2047,Sed-BEV-Lng-Private,7.774304151,Sedan,BEV,BEV-Lng,Personal
2048,Sed-BEV-Lng-Private,8.442088958,Sedan,BEV,BEV-Lng,Personal
2049,Sed-BEV-Lng-Private,9.075354335,Sedan,BEV,BEV-Lng,Personal
2050,Sed-BEV-Lng-Private,9.663044091,Sedan,BEV,BEV-Lng,Personal
2021,Sed-FCEV-Private,2.5236E-15,Sedan,FCEV,FCEV,Personal
2022,Sed-FCEV-Private,4.53642E-15,Sedan,FCEV,FCEV,Personal
2023,Sed-FCEV-Private,5.88851E-15,Sedan,FCEV,FCEV,Personal
2024,Sed-FCEV-Private,5.90388E-15,Sedan,FCEV,FCEV,Personal
2025,Sed-FCEV-Private,5.92362E-15,Sedan,FCEV,FCEV,Personal
2026,Sed-FCEV-Private,0.001775572,Sedan,FCEV,FCEV,Personal
2027,Sed-FCEV-Private,0.0054941,Sedan,FCEV,FCEV,Personal
2028,Sed-FCEV-Private,0.014953848,Sedan,FCEV,FCEV,Personal
2029,Sed-FCEV-Private,0.035107451,Sedan,FCEV,FCEV,Personal
2030,Sed-FCEV-Private,0.077391911,Sedan,FCEV,FCEV,Personal
2031,Sed-FCEV-Private,0.127290352,Sedan,FCEV,FCEV,Personal
2032,Sed-FCEV-Private,0.196135358,Sedan,FCEV,FCEV,Personal
2033,Sed-FCEV-Private,0.280162069,Sedan,FCEV,FCEV,Personal
2034,Sed-FCEV-Private,0.384720391,Sedan,FCEV,FCEV,Personal
2035,Sed-FCEV-Private,0.516108853,Sedan,FCEV,FCEV,Personal
2036,Sed-FCEV-Private,0.679614804,Sedan,FCEV,FCEV,Personal
2037,Sed-FCEV-Private,0.879936484,Sedan,FCEV,FCEV,Personal
2038,Sed-FCEV-Private,1.124311946,Sedan,FCEV,FCEV,Personal
2039,Sed-FCEV-Private,1.415618133,Sedan,FCEV,FCEV,Personal
2040,Sed-FCEV-Private,1.763634148,Sedan,FCEV,FCEV,Personal
2041,Sed-FCEV-Private,2.176393611,Sedan,FCEV,FCEV,Personal
2042,Sed-FCEV-Private,2.656956674,Sedan,FCEV,FCEV,Personal
2043,Sed-FCEV-Private,3.214402901,Sedan,FCEV,FCEV,Personal
2044,Sed-FCEV-Private,3.854327655,Sedan,FCEV,FCEV,Personal
2045,Sed-FCEV-Private,4.577510187,Sedan,FCEV,FCEV,Personal
2046,Sed-FCEV-Private,5.38903256,Sedan,FCEV,FCEV,Personal
2047,Sed-FCEV-Private,6.287265771,Sedan,FCEV,FCEV,Personal
2048,Sed-FCEV-Private,7.27235153,Sedan,FCEV,FCEV,Personal
2049,Sed-FCEV-Private,8.341342853,Sedan,FCEV,FCEV,Personal
2050,Sed-FCEV-Private,9.497602976,Sedan,FCEV,FCEV,Personal
2021,Sed-H2ICE-Private,0,Sedan,H2ICEV,H2ICE,Personal
2022,Sed-H2ICE-Private,0,Sedan,H2ICEV,H2ICE,Personal
2023,Sed-H2ICE-Private,0,Sedan,H2ICEV,H2ICE,Personal
2024,Sed-H2ICE-Private,0,Sedan,H2ICEV,H2ICE,Personal
2025,Sed-H2ICE-Private,0,Sedan,H2ICEV,H2ICE,Personal
2026,Sed-H2ICE-Private,0,Sedan,H2ICEV,H2ICE,Personal
2027,Sed-H2ICE-Private,0,Sedan,H2ICEV,H2ICE,Personal
2028,Sed-H2ICE-Private,0,Sedan,H2ICEV,H2ICE,Personal
2029,Sed-H2ICE-Private,0,Sedan,H2ICEV,H2ICE,Personal
2030,Sed-H2ICE-Private,0,Sedan,H2ICEV,H2ICE,Personal
2031,Sed-H2ICE-Private,0,Sedan,H2ICEV,H2ICE,Personal
2032,Sed-H2ICE-Private,0,Sedan,H2ICEV,H2ICE,Personal
2033,Sed-H2ICE-Private,0,Sedan,H2ICEV,H2ICE,Personal
2034,Sed-H2ICE-Private,0,Sedan,H2ICEV,H2ICE,Personal
2035,Sed-H2ICE-Private,0,Sedan,H2ICEV,H2ICE,Personal
2036,Sed-H2ICE-Private,0,Sedan,H2ICEV,H2ICE,Personal
2037,Sed-H2ICE-Private,0,Sedan,H2ICEV,H2ICE,Personal
2038,Sed-H2ICE-Private,0,Sedan,H2ICEV,H2ICE,Personal
2039,Sed-H2ICE-Private,0,Sedan,H2ICEV,H2ICE,Personal
2040,Sed-H2ICE-Private,0,Sedan,H2ICEV,H2ICE,Personal
2041,Sed-H2ICE-Private,0,Sedan,H2ICEV,H2ICE,Personal
2042,Sed-H2ICE-Private,0,Sedan,H2ICEV,H2ICE,Personal
2043,Sed-H2ICE-Private,0,Sedan,H2ICEV,H2ICE,Personal
2044,Sed-H2ICE-Private,0,Sedan,H2ICEV,H2ICE,Personal
2045,Sed-H2ICE-Private,0,Sedan,H2ICEV,H2ICE,Personal
2046,Sed-H2ICE-Private,0,Sedan,H2ICEV,H2ICE,Personal
2047,Sed-H2ICE-Private,0,Sedan,H2ICEV,H2ICE,Personal
2048,Sed-H2ICE-Private,0,Sedan,H2ICEV,H2ICE,Personal
2049,Sed-H2ICE-Private,0,Sedan,H2ICEV,H2ICE,Personal
2050,Sed-H2ICE-Private,0,Sedan,H2ICEV,H2ICE,Personal
2021,SUV-ICE-Hig-Private,5.374922628,SUV,ICEV,ICEV-High,Personal
2022,SUV-ICE-Hig-Private,8.178424586,SUV,ICEV,ICEV-High,Personal
2023,SUV-ICE-Hig-Private,10.96409554,SUV,ICEV,ICEV-High,Personal
2024,SUV-ICE-Hig-Private,13.67402847,SUV,ICEV,ICEV-High,Personal
2025,SUV-ICE-Hig-Private,16.13068075,SUV,ICEV,ICEV-High,Personal
2026,SUV-ICE-Hig-Private,18.55688739,SUV,ICEV,ICEV-High,Personal
2027,SUV-ICE-Hig-Private,21.00432561,SUV,ICEV,ICEV-High,Personal
2028,SUV-ICE-Hig-Private,23.3940707,SUV,ICEV,ICEV-High,Personal
2029,SUV-ICE-Hig-Private,25.65139758,SUV,ICEV,ICEV-High,Personal
2030,SUV-ICE-Hig-Private,27.76119146,SUV,ICEV,ICEV-High,Personal
2031,SUV-ICE-Hig-Private,29.65453691,SUV,ICEV,ICEV-High,Personal
2032,SUV-ICE-Hig-Private,31.21306466,SUV,ICEV,ICEV-High,Personal
2033,SUV-ICE-Hig-Private,32.43144877,SUV,ICEV,ICEV-High,Personal
2034,SUV-ICE-Hig-Private,33.3187851,SUV,ICEV,ICEV-High,Personal
2035,SUV-ICE-Hig-Private,33.87929663,SUV,ICEV,ICEV-High,Personal
2036,SUV-ICE-Hig-Private,34.06788842,SUV,ICEV,ICEV-High,Personal
2037,SUV-ICE-Hig-Private,33.89454429,SUV,ICEV,ICEV-High,Personal
2038,SUV-ICE-Hig-Private,33.48898315,SUV,ICEV,ICEV-High,Personal
2039,SUV-ICE-Hig-Private,32.85543354,SUV,ICEV,ICEV-High,Personal
2040,SUV-ICE-Hig-Private,32.0237455,SUV,ICEV,ICEV-High,Personal
2041,SUV-ICE-Hig-Private,31.01900509,SUV,ICEV,ICEV-High,Personal
2042,SUV-ICE-Hig-Private,29.82545559,SUV,ICEV,ICEV-High,Personal
2043,SUV-ICE-Hig-Private,28.47420835,SUV,ICEV,ICEV-High,Personal
2044,SUV-ICE-Hig-Private,26.99586548,SUV,ICEV,ICEV-High,Personal
2045,SUV-ICE-Hig-Private,25.4006569,SUV,ICEV,ICEV-High,Personal
2046,SUV-ICE-Hig-Private,23.68577765,SUV,ICEV,ICEV-High,Personal
2047,SUV-ICE-Hig-Private,21.8755793,SUV,ICEV,ICEV-High,Personal
2048,SUV-ICE-Hig-Private,20.01387266,SUV,ICEV,ICEV-High,Personal
2049,SUV-ICE-Hig-Private,18.13140149,SUV,ICEV,ICEV-High,Personal
2050,SUV-ICE-Hig-Private,16.27682325,SUV,ICEV,ICEV-High,Personal
2021,SUV-ICE-Avg-Private,9.639341674,SUV,ICEV,ICEV-Avg,Personal
2022,SUV-ICE-Avg-Private,14.3432586,SUV,ICEV,ICEV-Avg,Personal
2023,SUV-ICE-Avg-Private,19.20769558,SUV,ICEV,ICEV-Avg,Personal
2024,SUV-ICE-Avg-Private,24.06117806,SUV,ICEV,ICEV-Avg,Personal
2025,SUV-ICE-Avg-Private,28.52984521,SUV,ICEV,ICEV-Avg,Personal
2026,SUV-ICE-Avg-Private,33.01957472,SUV,ICEV,ICEV-Avg,Personal
2027,SUV-ICE-Avg-Private,37.57654081,SUV,ICEV,ICEV-Avg,Personal
2028,SUV-ICE-Avg-Private,42.04900729,SUV,ICEV,ICEV-Avg,Personal
2029,SUV-ICE-Avg-Private,46.28524265,SUV,ICEV,ICEV-Avg,Personal
2030,SUV-ICE-Avg-Private,50.25095613,SUV,ICEV,ICEV-Avg,Personal
2031,SUV-ICE-Avg-Private,53.82073051,SUV,ICEV,ICEV-Avg,Personal
2032,SUV-ICE-Avg-Private,56.79838123,SUV,ICEV,ICEV-Avg,Personal
2033,SUV-ICE-Avg-Private,59.16500775,SUV,ICEV,ICEV-Avg,Personal
2034,SUV-ICE-Avg-Private,60.94560384,SUV,ICEV,ICEV-Avg,Personal
2035,SUV-ICE-Avg-Private,62.13485597,SUV,ICEV,ICEV-Avg,Personal
2036,SUV-ICE-Avg-Private,62.65886005,SUV,ICEV,ICEV-Avg,Personal
2037,SUV-ICE-Avg-Private,62.53643088,SUV,ICEV,ICEV-Avg,Personal
2038,SUV-ICE-Avg-Private,61.98372466,SUV,ICEV,ICEV-Avg,Personal
2039,SUV-ICE-Avg-Private,60.9673332,SUV,ICEV,ICEV-Avg,Personal
2040,SUV-ICE-Avg-Private,59.58862189,SUV,ICEV,ICEV-Avg,Personal
2041,SUV-ICE-Avg-Private,57.85153664,SUV,ICEV,ICEV-Avg,Personal
2042,SUV-ICE-Avg-Private,55.71890732,SUV,ICEV,ICEV-Avg,Personal
2043,SUV-ICE-Avg-Private,53.26895404,SUV,ICEV,ICEV-Avg,Personal
2044,SUV-ICE-Avg-Private,50.5599406,SUV,ICEV,ICEV-Avg,Personal
2045,SUV-ICE-Avg-Private,47.60153749,SUV,ICEV,ICEV-Avg,Personal
2046,SUV-ICE-Avg-Private,44.42144663,SUV,ICEV,ICEV-Avg,Personal
2047,SUV-ICE-Avg-Private,41.05810418,SUV,ICEV,ICEV-Avg,Personal
2048,SUV-ICE-Avg-Private,37.59052569,SUV,ICEV,ICEV-Avg,Personal
2049,SUV-ICE-Avg-Private,34.07660556,SUV,ICEV,ICEV-Avg,Personal
2050,SUV-ICE-Avg-Private,30.60626723,SUV,ICEV,ICEV-Avg,Personal
2021,SUV-ICE-Low-Private,0.267385143,SUV,HEV,HEV,Personal
2022,SUV-ICE-Low-Private,0.386257252,SUV,HEV,HEV,Personal
2023,SUV-ICE-Low-Private,0.493731245,SUV,HEV,HEV,Personal
2024,SUV-ICE-Low-Private,0.615222126,SUV,HEV,HEV,Personal
2025,SUV-ICE-Low-Private,0.879040168,SUV,HEV,HEV,Personal
2026,SUV-ICE-Low-Private,1.172314853,SUV,HEV,HEV,Personal
2027,SUV-ICE-Low-Private,1.343245029,SUV,HEV,HEV,Personal
2028,SUV-ICE-Low-Private,1.500072824,SUV,HEV,HEV,Personal
2029,SUV-ICE-Low-Private,1.667694124,SUV,HEV,HEV,Personal
2030,SUV-ICE-Low-Private,1.808737325,SUV,HEV,HEV,Personal
2031,SUV-ICE-Low-Private,1.994930461,SUV,HEV,HEV,Personal
2032,SUV-ICE-Low-Private,2.213997622,SUV,HEV,HEV,Personal
2033,SUV-ICE-Low-Private,2.468009515,SUV,HEV,HEV,Personal
2034,SUV-ICE-Low-Private,2.635932682,SUV,HEV,HEV,Personal
2035,SUV-ICE-Low-Private,2.654189098,SUV,HEV,HEV,Personal
2036,SUV-ICE-Low-Private,2.647276792,SUV,HEV,HEV,Personal
2037,SUV-ICE-Low-Private,2.610733885,SUV,HEV,HEV,Personal
2038,SUV-ICE-Low-Private,2.549898348,SUV,HEV,HEV,Personal
2039,SUV-ICE-Low-Private,2.463696252,SUV,HEV,HEV,Personal
2040,SUV-ICE-Low-Private,2.361491529,SUV,HEV,HEV,Personal
2041,SUV-ICE-Low-Private,2.243572725,SUV,HEV,HEV,Personal
2042,SUV-ICE-Low-Private,2.109770401,SUV,HEV,HEV,Personal
2043,SUV-ICE-Low-Private,1.963011917,SUV,HEV,HEV,Personal
2044,SUV-ICE-Low-Private,1.804351552,SUV,HEV,HEV,Personal
2045,SUV-ICE-Low-Private,1.634197754,SUV,HEV,HEV,Personal
2046,SUV-ICE-Low-Private,1.45798275,SUV,HEV,HEV,Personal
2047,SUV-ICE-Low-Private,1.282860071,SUV,HEV,HEV,Personal
2048,SUV-ICE-Low-Private,1.117572301,SUV,HEV,HEV,Personal
2049,SUV-ICE-Low-Private,0.967630168,SUV,HEV,HEV,Personal
2050,SUV-ICE-Low-Private,0.835676709,SUV,HEV,HEV,Personal
2021,SUV-PHEV-Private,0.097965413,SUV,PHEV,PHEV,Personal
2022,SUV-PHEV-Private,0.186918497,SUV,PHEV,PHEV,Personal
2023,SUV-PHEV-Private,0.251231017,SUV,PHEV,PHEV,Personal
2024,SUV-PHEV-Private,0.374300777,SUV,PHEV,PHEV,Personal
2025,SUV-PHEV-Private,0.842266244,SUV,PHEV,PHEV,Personal
2026,SUV-PHEV-Private,1.4532323,SUV,PHEV,PHEV,Personal
2027,SUV-PHEV-Private,2.180919282,SUV,PHEV,PHEV,Personal
2028,SUV-PHEV-Private,2.997690485,SUV,PHEV,PHEV,Personal
2029,SUV-PHEV-Private,3.966897835,SUV,PHEV,PHEV,Personal
2030,SUV-PHEV-Private,4.990664729,SUV,PHEV,PHEV,Personal
2031,SUV-PHEV-Private,5.863831653,SUV,PHEV,PHEV,Personal
2032,SUV-PHEV-Private,6.674999605,SUV,PHEV,PHEV,Personal
2033,SUV-PHEV-Private,7.251702494,SUV,PHEV,PHEV,Personal
2034,SUV-PHEV-Private,7.61464834,SUV,PHEV,PHEV,Personal
2035,SUV-PHEV-Private,7.926794144,SUV,PHEV,PHEV,Personal
2036,SUV-PHEV-Private,8.193902913,SUV,PHEV,PHEV,Personal
2037,SUV-PHEV-Private,8.385530646,SUV,PHEV,PHEV,Personal
2038,SUV-PHEV-Private,8.49456753,SUV,PHEV,PHEV,Personal
2039,SUV-PHEV-Private,8.489334791,SUV,PHEV,PHEV,Personal
2040,SUV-PHEV-Private,8.37286701,SUV,PHEV,PHEV,Personal
2041,SUV-PHEV-Private,8.140164993,SUV,PHEV,PHEV,Personal
2042,SUV-PHEV-Private,7.803381299,SUV,PHEV,PHEV,Personal
2043,SUV-PHEV-Private,7.400048521,SUV,PHEV,PHEV,Personal
2044,SUV-PHEV-Private,6.963517373,SUV,PHEV,PHEV,Personal
2045,SUV-PHEV-Private,6.520767059,SUV,PHEV,PHEV,Personal
2046,SUV-PHEV-Private,6.096352566,SUV,PHEV,PHEV,Personal
2047,SUV-PHEV-Private,5.700526774,SUV,PHEV,PHEV,Personal
2048,SUV-PHEV-Private,5.339632069,SUV,PHEV,PHEV,Personal
2049,SUV-PHEV-Private,5.00643639,SUV,PHEV,PHEV,Personal
2050,SUV-PHEV-Private,4.692415687,SUV,PHEV,PHEV,Personal
2021,SUV-BEV-Sht-Private,0.00129532,SUV,BEV,BEV-Sht,Personal
2022,SUV-BEV-Sht-Private,0.002839827,SUV,BEV,BEV-Sht,Personal
2023,SUV-BEV-Sht-Private,0.003712756,SUV,BEV,BEV-Sht,Personal
2024,SUV-BEV-Sht-Private,0.004759868,SUV,BEV,BEV-Sht,Personal
2025,SUV-BEV-Sht-Private,0.007476346,SUV,BEV,BEV-Sht,Personal
2026,SUV-BEV-Sht-Private,0.010934808,SUV,BEV,BEV-Sht,Personal
2027,SUV-BEV-Sht-Private,0.012594015,SUV,BEV,BEV-Sht,Personal
2028,SUV-BEV-Sht-Private,0.015778265,SUV,BEV,BEV-Sht,Personal
2029,SUV-BEV-Sht-Private,0.021416732,SUV,BEV,BEV-Sht,Personal
2030,SUV-BEV-Sht-Private,0.024231085,SUV,BEV,BEV-Sht,Personal
2031,SUV-BEV-Sht-Private,0.035380431,SUV,BEV,BEV-Sht,Personal
2032,SUV-BEV-Sht-Private,0.04257534,SUV,BEV,BEV-Sht,Personal
2033,SUV-BEV-Sht-Private,0.052960625,SUV,BEV,BEV-Sht,Personal
2034,SUV-BEV-Sht-Private,0.058470225,SUV,BEV,BEV-Sht,Personal
2035,SUV-BEV-Sht-Private,0.064551875,SUV,BEV,BEV-Sht,Personal
2036,SUV-BEV-Sht-Private,0.071230903,SUV,BEV,BEV-Sht,Personal
2037,SUV-BEV-Sht-Private,0.078532921,SUV,BEV,BEV-Sht,Personal
2038,SUV-BEV-Sht-Private,0.086509118,SUV,BEV,BEV-Sht,Personal
2039,SUV-BEV-Sht-Private,0.094890152,SUV,BEV,BEV-Sht,Personal
2040,SUV-BEV-Sht-Private,0.103751812,SUV,BEV,BEV-Sht,Personal
2041,SUV-BEV-Sht-Private,0.112769298,SUV,BEV,BEV-Sht,Personal
2042,SUV-BEV-Sht-Private,0.121573045,SUV,BEV,BEV-Sht,Personal
2043,SUV-BEV-Sht-Private,0.130076369,SUV,BEV,BEV-Sht,Personal
2044,SUV-BEV-Sht-Private,0.138109703,SUV,BEV,BEV-Sht,Personal
2045,SUV-BEV-Sht-Private,0.145438236,SUV,BEV,BEV-Sht,Personal
2046,SUV-BEV-Sht-Private,0.152123407,SUV,BEV,BEV-Sht,Personal
2047,SUV-BEV-Sht-Private,0.158088718,SUV,BEV,BEV-Sht,Personal
2048,SUV-BEV-Sht-Private,0.163337635,SUV,BEV,BEV-Sht,Personal
2049,SUV-BEV-Sht-Private,0.167744028,SUV,BEV,BEV-Sht,Personal
2050,SUV-BEV-Sht-Private,0.17125187,SUV,BEV,BEV-Sht,Personal
2021,SUV-BEV-Mid-Private,0.007950659,SUV,BEV,BEV-Mid,Personal
2022,SUV-BEV-Mid-Private,0.013060084,SUV,BEV,BEV-Mid,Personal
2023,SUV-BEV-Mid-Private,0.015201192,SUV,BEV,BEV-Mid,Personal
2024,SUV-BEV-Mid-Private,0.026226551,SUV,BEV,BEV-Mid,Personal
2025,SUV-BEV-Mid-Private,0.0383027,SUV,BEV,BEV-Mid,Personal
2026,SUV-BEV-Mid-Private,0.047468244,SUV,BEV,BEV-Mid,Personal
2027,SUV-BEV-Mid-Private,0.061333053,SUV,BEV,BEV-Mid,Personal
2028,SUV-BEV-Mid-Private,0.082012228,SUV,BEV,BEV-Mid,Personal
2029,SUV-BEV-Mid-Private,0.105094776,SUV,BEV,BEV-Mid,Personal
2030,SUV-BEV-Mid-Private,0.143584134,SUV,BEV,BEV-Mid,Personal
2031,SUV-BEV-Mid-Private,0.163925592,SUV,BEV,BEV-Mid,Personal
2032,SUV-BEV-Mid-Private,0.192563921,SUV,BEV,BEV-Mid,Personal
2033,SUV-BEV-Mid-Private,0.207326371,SUV,BEV,BEV-Mid,Personal
2034,SUV-BEV-Mid-Private,0.224523456,SUV,BEV,BEV-Mid,Personal
2035,SUV-BEV-Mid-Private,0.243238428,SUV,BEV,BEV-Mid,Personal
2036,SUV-BEV-Mid-Private,0.264626216,SUV,BEV,BEV-Mid,Personal
2037,SUV-BEV-Mid-Private,0.288030583,SUV,BEV,BEV-Mid,Personal
2038,SUV-BEV-Mid-Private,0.314278884,SUV,BEV,BEV-Mid,Personal
2039,SUV-BEV-Mid-Private,0.342276027,SUV,BEV,BEV-Mid,Personal
2040,SUV-BEV-Mid-Private,0.372752988,SUV,BEV,BEV-Mid,Personal
2041,SUV-BEV-Mid-Private,0.403975264,SUV,BEV,BEV-Mid,Personal
2042,SUV-BEV-Mid-Private,0.435061524,SUV,BEV,BEV-Mid,Personal
2043,SUV-BEV-Mid-Private,0.46637647,SUV,BEV,BEV-Mid,Personal
2044,SUV-BEV-Mid-Private,0.497954967,SUV,BEV,BEV-Mid,Personal
2045,SUV-BEV-Mid-Private,0.5292897,SUV,BEV,BEV-Mid,Personal
2046,SUV-BEV-Mid-Private,0.560422706,SUV,BEV,BEV-Mid,Personal
2047,SUV-BEV-Mid-Private,0.590392611,SUV,BEV,BEV-Mid,Personal
2048,SUV-BEV-Mid-Private,0.618375635,SUV,BEV,BEV-Mid,Personal
2049,SUV-BEV-Mid-Private,0.64322472,SUV,BEV,BEV-Mid,Personal
2050,SUV-BEV-Mid-Private,0.664359016,SUV,BEV,BEV-Mid,Personal
2021,SUV-BEV-Lng-Private,0.053870778,SUV,BEV,BEV-Lng,Personal
2022,SUV-BEV-Lng-Private,0.084166533,SUV,BEV,BEV-Lng,Personal
2023,SUV-BEV-Lng-Private,0.154203821,SUV,BEV,BEV-Lng,Personal
2024,SUV-BEV-Lng-Private,0.30164203,SUV,BEV,BEV-Lng,Personal
2025,SUV-BEV-Lng-Private,0.385736415,SUV,BEV,BEV-Lng,Personal
2026,SUV-BEV-Lng-Private,0.47675432,SUV,BEV,BEV-Lng,Personal
2027,SUV-BEV-Lng-Private,0.575638172,SUV,BEV,BEV-Lng,Personal
2028,SUV-BEV-Lng-Private,0.677569062,SUV,BEV,BEV-Lng,Personal
2029,SUV-BEV-Lng-Private,0.8056407,SUV,BEV,BEV-Lng,Personal
2030,SUV-BEV-Lng-Private,0.934140904,SUV,BEV,BEV-Lng,Personal
2031,SUV-BEV-Lng-Private,1.118690791,SUV,BEV,BEV-Lng,Personal
2032,SUV-BEV-Lng-Private,1.29105146,SUV,BEV,BEV-Lng,Personal
2033,SUV-BEV-Lng-Private,1.485930349,SUV,BEV,BEV-Lng,Personal
2034,SUV-BEV-Lng-Private,1.719914586,SUV,BEV,BEV-Lng,Personal
2035,SUV-BEV-Lng-Private,2.009540885,SUV,BEV,BEV-Lng,Personal
2036,SUV-BEV-Lng-Private,2.371672413,SUV,BEV,BEV-Lng,Personal
2037,SUV-BEV-Lng-Private,2.823844392,SUV,BEV,BEV-Lng,Personal
2038,SUV-BEV-Lng-Private,3.390451517,SUV,BEV,BEV-Lng,Personal
2039,SUV-BEV-Lng-Private,4.081786382,SUV,BEV,BEV-Lng,Personal
2040,SUV-BEV-Lng-Private,4.927126766,SUV,BEV,BEV-Lng,Personal
2041,SUV-BEV-Lng-Private,5.86837998,SUV,BEV,BEV-Lng,Personal
2042,SUV-BEV-Lng-Private,6.891007257,SUV,BEV,BEV-Lng,Personal
2043,SUV-BEV-Lng-Private,7.993239398,SUV,BEV,BEV-Lng,Personal
2044,SUV-BEV-Lng-Private,9.161200173,SUV,BEV,BEV-Lng,Personal
2045,SUV-BEV-Lng-Private,10.36678835,SUV,BEV,BEV-Lng,Personal
2046,SUV-BEV-Lng-Private,11.59517079,SUV,BEV,BEV-Lng,Personal
2047,SUV-BEV-Lng-Private,12.81479959,SUV,BEV,BEV-Lng,Personal
2048,SUV-BEV-Lng-Private,14.00168327,SUV,BEV,BEV-Lng,Personal
2049,SUV-BEV-Lng-Private,15.12800608,SUV,BEV,BEV-Lng,Personal
2050,SUV-BEV-Lng-Private,16.17861684,SUV,BEV,BEV-Lng,Personal
2021,SUV-FCEV-Private,1.3884E-16,SUV,FCEV,FCEV,Personal
2022,SUV-FCEV-Private,2.5478E-16,SUV,FCEV,FCEV,Personal
2023,SUV-FCEV-Private,3.27656E-16,SUV,FCEV,FCEV,Personal
2024,SUV-FCEV-Private,3.28489E-16,SUV,FCEV,FCEV,Personal
2025,SUV-FCEV-Private,3.29526E-16,SUV,FCEV,FCEV,Personal
2026,SUV-FCEV-Private,0.000236921,SUV,FCEV,FCEV,Personal
2027,SUV-FCEV-Private,0.000658141,SUV,FCEV,FCEV,Personal
2028,SUV-FCEV-Private,0.001843937,SUV,FCEV,FCEV,Personal
2029,SUV-FCEV-Private,0.004982164,SUV,FCEV,FCEV,Personal
2030,SUV-FCEV-Private,0.012713236,SUV,FCEV,FCEV,Personal
2031,SUV-FCEV-Private,0.025296465,SUV,FCEV,FCEV,Personal
2032,SUV-FCEV-Private,0.038864725,SUV,FCEV,FCEV,Personal
2033,SUV-FCEV-Private,0.058222017,SUV,FCEV,FCEV,Personal
2034,SUV-FCEV-Private,0.08056763,SUV,FCEV,FCEV,Personal
2035,SUV-FCEV-Private,0.106784671,SUV,FCEV,FCEV,Personal
2036,SUV-FCEV-Private,0.140939995,SUV,FCEV,FCEV,Personal
2037,SUV-FCEV-Private,0.184911495,SUV,FCEV,FCEV,Personal
2038,SUV-FCEV-Private,0.241194735,SUV,FCEV,FCEV,Personal
2039,SUV-FCEV-Private,0.311607566,SUV,FCEV,FCEV,Personal
2040,SUV-FCEV-Private,0.400183022,SUV,FCEV,FCEV,Personal
2041,SUV-FCEV-Private,0.510473177,SUV,FCEV,FCEV,Personal
2042,SUV-FCEV-Private,0.645214191,SUV,FCEV,FCEV,Personal
2043,SUV-FCEV-Private,0.808938081,SUV,FCEV,FCEV,Personal
2044,SUV-FCEV-Private,1.005448625,SUV,FCEV,FCEV,Personal
2045,SUV-FCEV-Private,1.237162226,SUV,FCEV,FCEV,Personal
2046,SUV-FCEV-Private,1.508616943,SUV,FCEV,FCEV,Personal
2047,SUV-FCEV-Private,1.82186685,SUV,FCEV,FCEV,Personal
2048,SUV-FCEV-Private,2.179498279,SUV,FCEV,FCEV,Personal
2049,SUV-FCEV-Private,2.583194396,SUV,FCEV,FCEV,Personal
2050,SUV-FCEV-Private,3.03673916,SUV,FCEV,FCEV,Personal
2021,SUV-H2ICE-Private,0,SUV,H2ICEV,H2ICE,Personal
2022,SUV-H2ICE-Private,0,SUV,H2ICEV,H2ICE,Personal
2023,SUV-H2ICE-Private,0,SUV,H2ICEV,H2ICE,Personal
2024,SUV-H2ICE-Private,0,SUV,H2ICEV,H2ICE,Personal
2025,SUV-H2ICE-Private,0,SUV,H2ICEV,H2ICE,Personal
2026,SUV-H2ICE-Private,0,SUV,H2ICEV,H2ICE,Personal
2027,SUV-H2ICE-Private,0,SUV,H2ICEV,H2ICE,Personal
2028,SUV-H2ICE-Private,0,SUV,H2ICEV,H2ICE,Personal
2029,SUV-H2ICE-Private,0,SUV,H2ICEV,H2ICE,Personal
2030,SUV-H2ICE-Private,0,SUV,H2ICEV,H2ICE,Personal
2031,SUV-H2ICE-Private,0,SUV,H2ICEV,H2ICE,Personal
2032,SUV-H2ICE-Private,0,SUV,H2ICEV,H2ICE,Personal
2033,SUV-H2ICE-Private,0,SUV,H2ICEV,H2ICE,Personal
2034,SUV-H2ICE-Private,0,SUV,H2ICEV,H2ICE,Personal
2035,SUV-H2ICE-Private,0,SUV,H2ICEV,H2ICE,Personal
2036,SUV-H2ICE-Private,0,SUV,H2ICEV,H2ICE,Personal
2037,SUV-H2ICE-Private,0,SUV,H2ICEV,H2ICE,Personal
2038,SUV-H2ICE-Private,0,SUV,H2ICEV,H2ICE,Personal
2039,SUV-H2ICE-Private,0,SUV,H2ICEV,H2ICE,Personal
2040,SUV-H2ICE-Private,0,SUV,H2ICEV,H2ICE,Personal
2041,SUV-H2ICE-Private,0,SUV,H2ICEV,H2ICE,Personal
2042,SUV-H2ICE-Private,0,SUV,H2ICEV,H2ICE,Personal
2043,SUV-H2ICE-Private,0,SUV,H2ICEV,H2ICE,Personal
2044,SUV-H2ICE-Private,0,SUV,H2ICEV,H2ICE,Personal
2045,SUV-H2ICE-Private,0,SUV,H2ICEV,H2ICE,Personal
2046,SUV-H2ICE-Private,0,SUV,H2ICEV,H2ICE,Personal
2047,SUV-H2ICE-Private,0,SUV,H2ICEV,H2ICE,Personal
2048,SUV-H2ICE-Private,0,SUV,H2ICEV,H2ICE,Personal
2049,SUV-H2ICE-Private,0,SUV,H2ICEV,H2ICE,Personal
2050,SUV-H2ICE-Private,0,SUV,H2ICEV,H2ICE,Personal
2021,Sed-ICE-Hig-Fleet,0.00063289,Sedan,ICEV,ICEV-High,Fleet
2022,Sed-ICE-Hig-Fleet,0.000891246,Sedan,ICEV,ICEV-High,Fleet
2023,Sed-ICE-Hig-Fleet,0.001060072,Sedan,ICEV,ICEV-High,Fleet
2024,Sed-ICE-Hig-Fleet,0.001154722,Sedan,ICEV,ICEV-High,Fleet
2025,Sed-ICE-Hig-Fleet,0.001203817,Sedan,ICEV,ICEV-High,Fleet
2026,Sed-ICE-Hig-Fleet,0.001243031,Sedan,ICEV,ICEV-High,Fleet
2027,Sed-ICE-Hig-Fleet,0.001271611,Sedan,ICEV,ICEV-High,Fleet
2028,Sed-ICE-Hig-Fleet,0.001289345,Sedan,ICEV,ICEV-High,Fleet
2029,Sed-ICE-Hig-Fleet,0.001293754,Sedan,ICEV,ICEV-High,Fleet
2030,Sed-ICE-Hig-Fleet,0.001280402,Sedan,ICEV,ICEV-High,Fleet
2031,Sed-ICE-Hig-Fleet,0.001243729,Sedan,ICEV,ICEV-High,Fleet
2032,Sed-ICE-Hig-Fleet,0.001176474,Sedan,ICEV,ICEV-High,Fleet
2033,Sed-ICE-Hig-Fleet,0.001076885,Sedan,ICEV,ICEV-High,Fleet
2034,Sed-ICE-Hig-Fleet,0.000948464,Sedan,ICEV,ICEV-High,Fleet
2035,Sed-ICE-Hig-Fleet,0.000802101,Sedan,ICEV,ICEV-High,Fleet
2036,Sed-ICE-Hig-Fleet,0.000652338,Sedan,ICEV,ICEV-High,Fleet
2037,Sed-ICE-Hig-Fleet,0.000512274,Sedan,ICEV,ICEV-High,Fleet
2038,Sed-ICE-Hig-Fleet,0.000392222,Sedan,ICEV,ICEV-High,Fleet
2039,Sed-ICE-Hig-Fleet,0.00029488,Sedan,ICEV,ICEV-High,Fleet
2040,Sed-ICE-Hig-Fleet,0.000219554,Sedan,ICEV,ICEV-High,Fleet
2041,Sed-ICE-Hig-Fleet,0.000162829,Sedan,ICEV,ICEV-High,Fleet
2042,Sed-ICE-Hig-Fleet,0.00012078,Sedan,ICEV,ICEV-High,Fleet
2043,Sed-ICE-Hig-Fleet,9.00108E-05,Sedan,ICEV,ICEV-High,Fleet
2044,Sed-ICE-Hig-Fleet,6.75902E-05,Sedan,ICEV,ICEV-High,Fleet
2045,Sed-ICE-Hig-Fleet,5.11992E-05,Sedan,ICEV,ICEV-High,Fleet
2046,Sed-ICE-Hig-Fleet,3.91226E-05,Sedan,ICEV,ICEV-High,Fleet
2047,Sed-ICE-Hig-Fleet,3.0102E-05,Sedan,ICEV,ICEV-High,Fleet
2048,Sed-ICE-Hig-Fleet,2.32723E-05,Sedan,ICEV,ICEV-High,Fleet
2049,Sed-ICE-Hig-Fleet,1.80215E-05,Sedan,ICEV,ICEV-High,Fleet
2050,Sed-ICE-Hig-Fleet,1.39592E-05,Sedan,ICEV,ICEV-High,Fleet
2021,Sed-ICE-Avg-Fleet,14.91111643,Sedan,ICEV,ICEV-Avg,Fleet
2022,Sed-ICE-Avg-Fleet,14.41725943,Sedan,ICEV,ICEV-Avg,Fleet
2023,Sed-ICE-Avg-Fleet,13.85808068,Sedan,ICEV,ICEV-Avg,Fleet
2024,Sed-ICE-Avg-Fleet,13.1762857,Sedan,ICEV,ICEV-Avg,Fleet
2025,Sed-ICE-Avg-Fleet,12.37628343,Sedan,ICEV,ICEV-Avg,Fleet
2026,Sed-ICE-Avg-Fleet,11.49324642,Sedan,ICEV,ICEV-Avg,Fleet
2027,Sed-ICE-Avg-Fleet,10.53586007,Sedan,ICEV,ICEV-Avg,Fleet
2028,Sed-ICE-Avg-Fleet,9.510028594,Sedan,ICEV,ICEV-Avg,Fleet
2029,Sed-ICE-Avg-Fleet,8.420176343,Sedan,ICEV,ICEV-Avg,Fleet
2030,Sed-ICE-Avg-Fleet,7.298503355,Sedan,ICEV,ICEV-Avg,Fleet
2031,Sed-ICE-Avg-Fleet,6.1915011,Sedan,ICEV,ICEV-Avg,Fleet
2032,Sed-ICE-Avg-Fleet,5.139446229,Sedan,ICEV,ICEV-Avg,Fleet
2033,Sed-ICE-Avg-Fleet,4.18900601,Sedan,ICEV,ICEV-Avg,Fleet
2034,Sed-ICE-Avg-Fleet,3.369659336,Sedan,ICEV,ICEV-Avg,Fleet
2035,Sed-ICE-Avg-Fleet,2.698755434,Sedan,ICEV,ICEV-Avg,Fleet
2036,Sed-ICE-Avg-Fleet,2.156327159,Sedan,ICEV,ICEV-Avg,Fleet
2037,Sed-ICE-Avg-Fleet,1.722573419,Sedan,ICEV,ICEV-Avg,Fleet
2038,Sed-ICE-Avg-Fleet,1.382850979,Sedan,ICEV,ICEV-Avg,Fleet
2039,Sed-ICE-Avg-Fleet,1.117409975,Sedan,ICEV,ICEV-Avg,Fleet
2040,Sed-ICE-Avg-Fleet,0.910258526,Sedan,ICEV,ICEV-Avg,Fleet
2041,Sed-ICE-Avg-Fleet,0.747997969,Sedan,ICEV,ICEV-Avg,Fleet
2042,Sed-ICE-Avg-Fleet,0.619343426,Sedan,ICEV,ICEV-Avg,Fleet
2043,Sed-ICE-Avg-Fleet,0.516539183,Sedan,ICEV,ICEV-Avg,Fleet
2044,Sed-ICE-Avg-Fleet,0.43352781,Sedan,ICEV,ICEV-Avg,Fleet
2045,Sed-ICE-Avg-Fleet,0.365471946,Sedan,ICEV,ICEV-Avg,Fleet
2046,Sed-ICE-Avg-Fleet,0.308908398,Sedan,ICEV,ICEV-Avg,Fleet
2047,Sed-ICE-Avg-Fleet,0.261045348,Sedan,ICEV,ICEV-Avg,Fleet
2048,Sed-ICE-Avg-Fleet,0.220136234,Sedan,ICEV,ICEV-Avg,Fleet
2049,Sed-ICE-Avg-Fleet,0.184849656,Sedan,ICEV,ICEV-Avg,Fleet
2050,Sed-ICE-Avg-Fleet,0.154599301,Sedan,ICEV,ICEV-Avg,Fleet
2021,Sed-ICE-Low-Fleet,0.083217034,Sedan,HEV,HEV,Fleet
2022,Sed-ICE-Low-Fleet,0.090299261,Sedan,HEV,HEV,Fleet
2023,Sed-ICE-Low-Fleet,0.100581327,Sedan,HEV,HEV,Fleet
2024,Sed-ICE-Low-Fleet,0.111143792,Sedan,HEV,HEV,Fleet
2025,Sed-ICE-Low-Fleet,0.143657577,Sedan,HEV,HEV,Fleet
2026,Sed-ICE-Low-Fleet,0.186307865,Sedan,HEV,HEV,Fleet
2027,Sed-ICE-Low-Fleet,0.239089822,Sedan,HEV,HEV,Fleet
2028,Sed-ICE-Low-Fleet,0.307436753,Sedan,HEV,HEV,Fleet
2029,Sed-ICE-Low-Fleet,0.389038447,Sedan,HEV,HEV,Fleet
2030,Sed-ICE-Low-Fleet,0.474470381,Sedan,HEV,HEV,Fleet
2031,Sed-ICE-Low-Fleet,0.571578018,Sedan,HEV,HEV,Fleet
2032,Sed-ICE-Low-Fleet,0.68632284,Sedan,HEV,HEV,Fleet
2033,Sed-ICE-Low-Fleet,0.806833588,Sedan,HEV,HEV,Fleet
2034,Sed-ICE-Low-Fleet,0.940659463,Sedan,HEV,HEV,Fleet
2035,Sed-ICE-Low-Fleet,1.022273568,Sedan,HEV,HEV,Fleet
2036,Sed-ICE-Low-Fleet,1.103202247,Sedan,HEV,HEV,Fleet
2037,Sed-ICE-Low-Fleet,1.177776199,Sedan,HEV,HEV,Fleet
2038,Sed-ICE-Low-Fleet,1.245104487,Sedan,HEV,HEV,Fleet
2039,Sed-ICE-Low-Fleet,1.302097046,Sedan,HEV,HEV,Fleet
2040,Sed-ICE-Low-Fleet,1.344436666,Sedan,HEV,HEV,Fleet
2041,Sed-ICE-Low-Fleet,1.374229405,Sedan,HEV,HEV,Fleet
2042,Sed-ICE-Low-Fleet,1.389848171,Sedan,HEV,HEV,Fleet
2043,Sed-ICE-Low-Fleet,1.391320079,Sedan,HEV,HEV,Fleet
2044,Sed-ICE-Low-Fleet,1.380860825,Sedan,HEV,HEV,Fleet
2045,Sed-ICE-Low-Fleet,1.36152133,Sedan,HEV,HEV,Fleet
2046,Sed-ICE-Low-Fleet,1.342976306,Sedan,HEV,HEV,Fleet
2047,Sed-ICE-Low-Fleet,1.330179027,Sedan,HEV,HEV,Fleet
2048,Sed-ICE-Low-Fleet,1.328728576,Sedan,HEV,HEV,Fleet
2049,Sed-ICE-Low-Fleet,1.341550996,Sedan,HEV,HEV,Fleet
2050,Sed-ICE-Low-Fleet,1.371595284,Sedan,HEV,HEV,Fleet
2021,Sed-PHEV-Fleet,0.05551725,Sedan,PHEV,PHEV,Fleet
2022,Sed-PHEV-Fleet,0.06969481,Sedan,PHEV,PHEV,Fleet
2023,Sed-PHEV-Fleet,0.08007428,Sedan,PHEV,PHEV,Fleet
2024,Sed-PHEV-Fleet,0.089091814,Sedan,PHEV,PHEV,Fleet
2025,Sed-PHEV-Fleet,0.111402006,Sedan,PHEV,PHEV,Fleet
2026,Sed-PHEV-Fleet,0.136355944,Sedan,PHEV,PHEV,Fleet
2027,Sed-PHEV-Fleet,0.160902748,Sedan,PHEV,PHEV,Fleet
2028,Sed-PHEV-Fleet,0.185000382,Sedan,PHEV,PHEV,Fleet
2029,Sed-PHEV-Fleet,0.199839847,Sedan,PHEV,PHEV,Fleet
2030,Sed-PHEV-Fleet,0.213119326,Sedan,PHEV,PHEV,Fleet
2031,Sed-PHEV-Fleet,0.221652602,Sedan,PHEV,PHEV,Fleet
2032,Sed-PHEV-Fleet,0.223406064,Sedan,PHEV,PHEV,Fleet
2033,Sed-PHEV-Fleet,0.222198799,Sedan,PHEV,PHEV,Fleet
2034,Sed-PHEV-Fleet,0.21716061,Sedan,PHEV,PHEV,Fleet
2035,Sed-PHEV-Fleet,0.20978138,Sedan,PHEV,PHEV,Fleet
2036,Sed-PHEV-Fleet,0.20050043,Sedan,PHEV,PHEV,Fleet
2037,Sed-PHEV-Fleet,0.189073551,Sedan,PHEV,PHEV,Fleet
2038,Sed-PHEV-Fleet,0.175706413,Sedan,PHEV,PHEV,Fleet
2039,Sed-PHEV-Fleet,0.160251562,Sedan,PHEV,PHEV,Fleet
2040,Sed-PHEV-Fleet,0.143255684,Sedan,PHEV,PHEV,Fleet
2041,Sed-PHEV-Fleet,0.125420288,Sedan,PHEV,PHEV,Fleet
2042,Sed-PHEV-Fleet,0.107623882,Sedan,PHEV,PHEV,Fleet
2043,Sed-PHEV-Fleet,0.090849873,Sedan,PHEV,PHEV,Fleet
2044,Sed-PHEV-Fleet,0.075754082,Sedan,PHEV,PHEV,Fleet
2045,Sed-PHEV-Fleet,0.062661992,Sedan,PHEV,PHEV,Fleet
2046,Sed-PHEV-Fleet,0.051728376,Sedan,PHEV,PHEV,Fleet
2047,Sed-PHEV-Fleet,0.04283472,Sedan,PHEV,PHEV,Fleet
2048,Sed-PHEV-Fleet,0.035772447,Sedan,PHEV,PHEV,Fleet
2049,Sed-PHEV-Fleet,0.030226937,Sedan,PHEV,PHEV,Fleet
2050,Sed-PHEV-Fleet,0.025929249,Sedan,PHEV,PHEV,Fleet
2021,Sed-BEV-Sht-Fleet,0.02019699,Sedan,BEV,BEV-Sht,Fleet
2022,Sed-BEV-Sht-Fleet,0.027911111,Sedan,BEV,BEV-Sht,Fleet
2023,Sed-BEV-Sht-Fleet,0.034970633,Sedan,BEV,BEV-Sht,Fleet
2024,Sed-BEV-Sht-Fleet,0.039054463,Sedan,BEV,BEV-Sht,Fleet
2025,Sed-BEV-Sht-Fleet,0.040528819,Sedan,BEV,BEV-Sht,Fleet
2026,Sed-BEV-Sht-Fleet,0.041587793,Sedan,BEV,BEV-Sht,Fleet
2027,Sed-BEV-Sht-Fleet,0.042301248,Sedan,BEV,BEV-Sht,Fleet
2028,Sed-BEV-Sht-Fleet,0.042736282,Sedan,BEV,BEV-Sht,Fleet
2029,Sed-BEV-Sht-Fleet,0.042730211,Sedan,BEV,BEV-Sht,Fleet
2030,Sed-BEV-Sht-Fleet,0.042145172,Sedan,BEV,BEV-Sht,Fleet
2031,Sed-BEV-Sht-Fleet,0.040724752,Sedan,BEV,BEV-Sht,Fleet
2032,Sed-BEV-Sht-Fleet,0.038279126,Sedan,BEV,BEV-Sht,Fleet
2033,Sed-BEV-Sht-Fleet,0.03476357,Sedan,BEV,BEV-Sht,Fleet
2034,Sed-BEV-Sht-Fleet,0.030338393,Sedan,BEV,BEV-Sht,Fleet
2035,Sed-BEV-Sht-Fleet,0.02530766,Sedan,BEV,BEV-Sht,Fleet
2036,Sed-BEV-Sht-Fleet,0.020194775,Sedan,BEV,BEV-Sht,Fleet
2037,Sed-BEV-Sht-Fleet,0.015420115,Sedan,BEV,BEV-Sht,Fleet
2038,Sed-BEV-Sht-Fleet,0.0113305,Sedan,BEV,BEV-Sht,Fleet
2039,Sed-BEV-Sht-Fleet,0.008042758,Sedan,BEV,BEV-Sht,Fleet
2040,Sed-BEV-Sht-Fleet,0.005558358,Sedan,BEV,BEV-Sht,Fleet
2041,Sed-BEV-Sht-Fleet,0.003758709,Sedan,BEV,BEV-Sht,Fleet
2042,Sed-BEV-Sht-Fleet,0.002496906,Sedan,BEV,BEV-Sht,Fleet
2043,Sed-BEV-Sht-Fleet,0.001637185,Sedan,BEV,BEV-Sht,Fleet
2044,Sed-BEV-Sht-Fleet,0.001062648,Sedan,BEV,BEV-Sht,Fleet
2045,Sed-BEV-Sht-Fleet,0.000683599,Sedan,BEV,BEV-Sht,Fleet
2046,Sed-BEV-Sht-Fleet,0.000436552,Sedan,BEV,BEV-Sht,Fleet
2047,Sed-BEV-Sht-Fleet,0.00027683,Sedan,BEV,BEV-Sht,Fleet
2048,Sed-BEV-Sht-Fleet,0.00017443,Sedan,BEV,BEV-Sht,Fleet
2049,Sed-BEV-Sht-Fleet,0.000109206,Sedan,BEV,BEV-Sht,Fleet
2050,Sed-BEV-Sht-Fleet,6.79863E-05,Sedan,BEV,BEV-Sht,Fleet
2021,Sed-BEV-Mid-Fleet,0.138521955,Sedan,BEV,BEV-Mid,Fleet
2022,Sed-BEV-Mid-Fleet,0.180644765,Sedan,BEV,BEV-Mid,Fleet
2023,Sed-BEV-Mid-Fleet,0.238172037,Sedan,BEV,BEV-Mid,Fleet
2024,Sed-BEV-Mid-Fleet,0.300178499,Sedan,BEV,BEV-Mid,Fleet
2025,Sed-BEV-Mid-Fleet,0.388618955,Sedan,BEV,BEV-Mid,Fleet
2026,Sed-BEV-Mid-Fleet,0.476893182,Sedan,BEV,BEV-Mid,Fleet
2027,Sed-BEV-Mid-Fleet,0.558514234,Sedan,BEV,BEV-Mid,Fleet
2028,Sed-BEV-Mid-Fleet,0.62740176,Sedan,BEV,BEV-Mid,Fleet
2029,Sed-BEV-Mid-Fleet,0.688702164,Sedan,BEV,BEV-Mid,Fleet
2030,Sed-BEV-Mid-Fleet,0.756771601,Sedan,BEV,BEV-Mid,Fleet
2031,Sed-BEV-Mid-Fleet,0.809283974,Sedan,BEV,BEV-Mid,Fleet
2032,Sed-BEV-Mid-Fleet,0.863529292,Sedan,BEV,BEV-Mid,Fleet
2033,Sed-BEV-Mid-Fleet,0.9179737,Sedan,BEV,BEV-Mid,Fleet
2034,Sed-BEV-Mid-Fleet,0.968532177,Sedan,BEV,BEV-Mid,Fleet
2035,Sed-BEV-Mid-Fleet,1.011165346,Sedan,BEV,BEV-Mid,Fleet
2036,Sed-BEV-Mid-Fleet,1.044423197,Sedan,BEV,BEV-Mid,Fleet
2037,Sed-BEV-Mid-Fleet,1.066472914,Sedan,BEV,BEV-Mid,Fleet
2038,Sed-BEV-Mid-Fleet,1.08085142,Sedan,BEV,BEV-Mid,Fleet
2039,Sed-BEV-Mid-Fleet,1.086004137,Sedan,BEV,BEV-Mid,Fleet
2040,Sed-BEV-Mid-Fleet,1.085408304,Sedan,BEV,BEV-Mid,Fleet
2041,Sed-BEV-Mid-Fleet,1.078013836,Sedan,BEV,BEV-Mid,Fleet
2042,Sed-BEV-Mid-Fleet,1.063804304,Sedan,BEV,BEV-Mid,Fleet
2043,Sed-BEV-Mid-Fleet,1.044379472,Sedan,BEV,BEV-Mid,Fleet
2044,Sed-BEV-Mid-Fleet,1.019836774,Sedan,BEV,BEV-Mid,Fleet
2045,Sed-BEV-Mid-Fleet,0.989114069,Sedan,BEV,BEV-Mid,Fleet
2046,Sed-BEV-Mid-Fleet,0.958797938,Sedan,BEV,BEV-Mid,Fleet
2047,Sed-BEV-Mid-Fleet,0.928505813,Sedan,BEV,BEV-Mid,Fleet
2048,Sed-BEV-Mid-Fleet,0.899010327,Sedan,BEV,BEV-Mid,Fleet
2049,Sed-BEV-Mid-Fleet,0.870940754,Sedan,BEV,BEV-Mid,Fleet
2050,Sed-BEV-Mid-Fleet,0.845651735,Sedan,BEV,BEV-Mid,Fleet
2021,Sed-BEV-Lng-Fleet,0.012173147,Sedan,BEV,BEV-Lng,Fleet
2022,Sed-BEV-Lng-Fleet,0.024335433,Sedan,BEV,BEV-Lng,Fleet
2023,Sed-BEV-Lng-Fleet,0.040121386,Sedan,BEV,BEV-Lng,Fleet
2024,Sed-BEV-Lng-Fleet,0.066671134,Sedan,BEV,BEV-Lng,Fleet
2025,Sed-BEV-Lng-Fleet,0.137169564,Sedan,BEV,BEV-Lng,Fleet
2026,Sed-BEV-Lng-Fleet,0.204919207,Sedan,BEV,BEV-Lng,Fleet
2027,Sed-BEV-Lng-Fleet,0.288581993,Sedan,BEV,BEV-Lng,Fleet
2028,Sed-BEV-Lng-Fleet,0.381847838,Sedan,BEV,BEV-Lng,Fleet
2029,Sed-BEV-Lng-Fleet,0.474795768,Sedan,BEV,BEV-Lng,Fleet
2030,Sed-BEV-Lng-Fleet,0.55746941,Sedan,BEV,BEV-Lng,Fleet
2031,Sed-BEV-Lng-Fleet,0.625956313,Sedan,BEV,BEV-Lng,Fleet
2032,Sed-BEV-Lng-Fleet,0.688191427,Sedan,BEV,BEV-Lng,Fleet
2033,Sed-BEV-Lng-Fleet,0.732754998,Sedan,BEV,BEV-Lng,Fleet
2034,Sed-BEV-Lng-Fleet,0.762434249,Sedan,BEV,BEV-Lng,Fleet
2035,Sed-BEV-Lng-Fleet,0.787074288,Sedan,BEV,BEV-Lng,Fleet
2036,Sed-BEV-Lng-Fleet,0.805410795,Sedan,BEV,BEV-Lng,Fleet
2037,Sed-BEV-Lng-Fleet,0.814661806,Sedan,BEV,BEV-Lng,Fleet
2038,Sed-BEV-Lng-Fleet,0.814834091,Sedan,BEV,BEV-Lng,Fleet
2039,Sed-BEV-Lng-Fleet,0.804923321,Sedan,BEV,BEV-Lng,Fleet
2040,Sed-BEV-Lng-Fleet,0.787088116,Sedan,BEV,BEV-Lng,Fleet
2041,Sed-BEV-Lng-Fleet,0.758768807,Sedan,BEV,BEV-Lng,Fleet
2042,Sed-BEV-Lng-Fleet,0.722076425,Sedan,BEV,BEV-Lng,Fleet
2043,Sed-BEV-Lng-Fleet,0.681022722,Sedan,BEV,BEV-Lng,Fleet
2044,Sed-BEV-Lng-Fleet,0.638600788,Sedan,BEV,BEV-Lng,Fleet
2045,Sed-BEV-Lng-Fleet,0.596545972,Sedan,BEV,BEV-Lng,Fleet
2046,Sed-BEV-Lng-Fleet,0.559883944,Sedan,BEV,BEV-Lng,Fleet
2047,Sed-BEV-Lng-Fleet,0.528606671,Sedan,BEV,BEV-Lng,Fleet
2048,Sed-BEV-Lng-Fleet,0.502404348,Sedan,BEV,BEV-Lng,Fleet
2049,Sed-BEV-Lng-Fleet,0.480288322,Sedan,BEV,BEV-Lng,Fleet
2050,Sed-BEV-Lng-Fleet,0.46154463,Sedan,BEV,BEV-Lng,Fleet
2021,Sed-FCEV-Fleet,3.06707E-20,Sedan,FCEV,FCEV,Fleet
2022,Sed-FCEV-Fleet,2.56081E-19,Sedan,FCEV,FCEV,Fleet
2023,Sed-FCEV-Fleet,7.70009E-19,Sedan,FCEV,FCEV,Fleet
2024,Sed-FCEV-Fleet,7.73685E-19,Sedan,FCEV,FCEV,Fleet
2025,Sed-FCEV-Fleet,7.87179E-19,Sedan,FCEV,FCEV,Fleet
2026,Sed-FCEV-Fleet,0.002492461,Sedan,FCEV,FCEV,Fleet
2027,Sed-FCEV-Fleet,0.008040215,Sedan,FCEV,FCEV,Fleet
2028,Sed-FCEV-Fleet,0.022855875,Sedan,FCEV,FCEV,Fleet
2029,Sed-FCEV-Fleet,0.05114267,Sedan,FCEV,FCEV,Fleet
2030,Sed-FCEV-Fleet,0.105524873,Sedan,FCEV,FCEV,Fleet
2031,Sed-FCEV-Fleet,0.168578786,Sedan,FCEV,FCEV,Fleet
2032,Sed-FCEV-Fleet,0.253656894,Sedan,FCEV,FCEV,Fleet
2033,Sed-FCEV-Fleet,0.353746153,Sedan,FCEV,FCEV,Fleet
2034,Sed-FCEV-Fleet,0.468816865,Sedan,FCEV,FCEV,Fleet
2035,Sed-FCEV-Fleet,0.601695242,Sedan,FCEV,FCEV,Fleet
2036,Sed-FCEV-Fleet,0.750790697,Sedan,FCEV,FCEV,Fleet
2037,Sed-FCEV-Fleet,0.914654717,Sedan,FCEV,FCEV,Fleet
2038,Sed-FCEV-Fleet,1.094607778,Sedan,FCEV,FCEV,Fleet
2039,Sed-FCEV-Fleet,1.288008561,Sedan,FCEV,FCEV,Fleet
2040,Sed-FCEV-Fleet,1.496003788,Sedan,FCEV,FCEV,Fleet
2041,Sed-FCEV-Fleet,1.722180552,Sedan,FCEV,FCEV,Fleet
2042,Sed-FCEV-Fleet,1.962209901,Sedan,FCEV,FCEV,Fleet
2043,Sed-FCEV-Fleet,2.215640293,Sedan,FCEV,FCEV,Fleet
2044,Sed-FCEV-Fleet,2.480182123,Sedan,FCEV,FCEV,Fleet
2045,Sed-FCEV-Fleet,2.750768709,Sedan,FCEV,FCEV,Fleet
2046,Sed-FCEV-Fleet,2.981279111,Sedan,FCEV,FCEV,Fleet
2047,Sed-FCEV-Fleet,3.168520473,Sedan,FCEV,FCEV,Fleet
2048,Sed-FCEV-Fleet,3.312318786,Sedan,FCEV,FCEV,Fleet
2049,Sed-FCEV-Fleet,3.411916406,Sedan,FCEV,FCEV,Fleet
2050,Sed-FCEV-Fleet,3.469862167,Sedan,FCEV,FCEV,Fleet
2021,Sed-H2ICE-Fleet,0,Sedan,H2ICEV,H2ICE,Fleet
2022,Sed-H2ICE-Fleet,0,Sedan,H2ICEV,H2ICE,Fleet
2023,Sed-H2ICE-Fleet,0,Sedan,H2ICEV,H2ICE,Fleet
2024,Sed-H2ICE-Fleet,0,Sedan,H2ICEV,H2ICE,Fleet
2025,Sed-H2ICE-Fleet,0,Sedan,H2ICEV,H2ICE,Fleet
2026,Sed-H2ICE-Fleet,0,Sedan,H2ICEV,H2ICE,Fleet
2027,Sed-H2ICE-Fleet,0,Sedan,H2ICEV,H2ICE,Fleet
2028,Sed-H2ICE-Fleet,0,Sedan,H2ICEV,H2ICE,Fleet
2029,Sed-H2ICE-Fleet,0,Sedan,H2ICEV,H2ICE,Fleet
2030,Sed-H2ICE-Fleet,0,Sedan,H2ICEV,H2ICE,Fleet
2031,Sed-H2ICE-Fleet,0,Sedan,H2ICEV,H2ICE,Fleet
2032,Sed-H2ICE-Fleet,0,Sedan,H2ICEV,H2ICE,Fleet
2033,Sed-H2ICE-Fleet,0,Sedan,H2ICEV,H2ICE,Fleet
2034,Sed-H2ICE-Fleet,0,Sedan,H2ICEV,H2ICE,Fleet
2035,Sed-H2ICE-Fleet,0,Sedan,H2ICEV,H2ICE,Fleet
2036,Sed-H2ICE-Fleet,0,Sedan,H2ICEV,H2ICE,Fleet
2037,Sed-H2ICE-Fleet,0,Sedan,H2ICEV,H2ICE,Fleet
2038,Sed-H2ICE-Fleet,0,Sedan,H2ICEV,H2ICE,Fleet
2039,Sed-H2ICE-Fleet,0,Sedan,H2ICEV,H2ICE,Fleet
2040,Sed-H2ICE-Fleet,0,Sedan,H2ICEV,H2ICE,Fleet
2041,Sed-H2ICE-Fleet,0,Sedan,H2ICEV,H2ICE,Fleet
2042,Sed-H2ICE-Fleet,0,Sedan,H2ICEV,H2ICE,Fleet
2043,Sed-H2ICE-Fleet,0,Sedan,H2ICEV,H2ICE,Fleet
2044,Sed-H2ICE-Fleet,0,Sedan,H2ICEV,H2ICE,Fleet
2045,Sed-H2ICE-Fleet,0,Sedan,H2ICEV,H2ICE,Fleet
2046,Sed-H2ICE-Fleet,0,Sedan,H2ICEV,H2ICE,Fleet
2047,Sed-H2ICE-Fleet,0,Sedan,H2ICEV,H2ICE,Fleet
2048,Sed-H2ICE-Fleet,0,Sedan,H2ICEV,H2ICE,Fleet
2049,Sed-H2ICE-Fleet,0,Sedan,H2ICEV,H2ICE,Fleet
2050,Sed-H2ICE-Fleet,0,Sedan,H2ICEV,H2ICE,Fleet
2021,SUV-ICE-Hig-Fleet,0.001956796,SUV,ICEV,ICEV-High,Fleet
2022,SUV-ICE-Hig-Fleet,0.002695233,SUV,ICEV,ICEV-High,Fleet
2023,SUV-ICE-Hig-Fleet,0.003120018,SUV,ICEV,ICEV-High,Fleet
2024,SUV-ICE-Hig-Fleet,0.003315425,SUV,ICEV,ICEV-High,Fleet
2025,SUV-ICE-Hig-Fleet,0.003432767,SUV,ICEV,ICEV-High,Fleet
2026,SUV-ICE-Hig-Fleet,0.003517202,SUV,ICEV,ICEV-High,Fleet
2027,SUV-ICE-Hig-Fleet,0.003578706,SUV,ICEV,ICEV-High,Fleet
2028,SUV-ICE-Hig-Fleet,0.003612157,SUV,ICEV,ICEV-High,Fleet
2029,SUV-ICE-Hig-Fleet,0.003610121,SUV,ICEV,ICEV-High,Fleet
2030,SUV-ICE-Hig-Fleet,0.003557601,SUV,ICEV,ICEV-High,Fleet
2031,SUV-ICE-Hig-Fleet,0.003434977,SUV,ICEV,ICEV-High,Fleet
2032,SUV-ICE-Hig-Fleet,0.003223945,SUV,ICEV,ICEV-High,Fleet
2033,SUV-ICE-Hig-Fleet,0.002919175,SUV,ICEV,ICEV-High,Fleet
2034,SUV-ICE-Hig-Fleet,0.002534985,SUV,ICEV,ICEV-High,Fleet
2035,SUV-ICE-Hig-Fleet,0.002103195,SUV,ICEV,ICEV-High,Fleet
2036,SUV-ICE-Hig-Fleet,0.00167135,SUV,ICEV,ICEV-High,Fleet
2037,SUV-ICE-Hig-Fleet,0.001277342,SUV,ICEV,ICEV-High,Fleet
2038,SUV-ICE-Hig-Fleet,0.000947932,SUV,ICEV,ICEV-High,Fleet
2039,SUV-ICE-Hig-Fleet,0.000687448,SUV,ICEV,ICEV-High,Fleet
2040,SUV-ICE-Hig-Fleet,0.000491168,SUV,ICEV,ICEV-High,Fleet
2041,SUV-ICE-Hig-Fleet,0.000347257,SUV,ICEV,ICEV-High,Fleet
2042,SUV-ICE-Hig-Fleet,0.000243644,SUV,ICEV,ICEV-High,Fleet
2043,SUV-ICE-Hig-Fleet,0.000170303,SUV,ICEV,ICEV-High,Fleet
2044,SUV-ICE-Hig-Fleet,0.000118918,SUV,ICEV,ICEV-High,Fleet
2045,SUV-ICE-Hig-Fleet,8.30971E-05,SUV,ICEV,ICEV-High,Fleet
2046,SUV-ICE-Hig-Fleet,5.82281E-05,SUV,ICEV,ICEV-High,Fleet
2047,SUV-ICE-Hig-Fleet,4.09244E-05,SUV,ICEV,ICEV-High,Fleet
2048,SUV-ICE-Hig-Fleet,2.88346E-05,SUV,ICEV,ICEV-High,Fleet
2049,SUV-ICE-Hig-Fleet,2.03208E-05,SUV,ICEV,ICEV-High,Fleet
2050,SUV-ICE-Hig-Fleet,1.43E-05,SUV,ICEV,ICEV-High,Fleet
2021,SUV-ICE-Avg-Fleet,1.178744213,SUV,ICEV,ICEV-Avg,Fleet
2022,SUV-ICE-Avg-Fleet,1.703858027,SUV,ICEV,ICEV-Avg,Fleet
2023,SUV-ICE-Avg-Fleet,2.084217878,SUV,ICEV,ICEV-Avg,Fleet
2024,SUV-ICE-Avg-Fleet,2.292422756,SUV,ICEV,ICEV-Avg,Fleet
2025,SUV-ICE-Avg-Fleet,2.440942437,SUV,ICEV,ICEV-Avg,Fleet
2026,SUV-ICE-Avg-Fleet,2.564163179,SUV,ICEV,ICEV-Avg,Fleet
2027,SUV-ICE-Avg-Fleet,2.669453218,SUV,ICEV,ICEV-Avg,Fleet
2028,SUV-ICE-Avg-Fleet,2.749309782,SUV,ICEV,ICEV-Avg,Fleet
2029,SUV-ICE-Avg-Fleet,2.791639018,SUV,ICEV,ICEV-Avg,Fleet
2030,SUV-ICE-Avg-Fleet,2.79506297,SUV,ICEV,ICEV-Avg,Fleet
2031,SUV-ICE-Avg-Fleet,2.742324961,SUV,ICEV,ICEV-Avg,Fleet
2032,SUV-ICE-Avg-Fleet,2.626145757,SUV,ICEV,ICEV-Avg,Fleet
2033,SUV-ICE-Avg-Fleet,2.442000578,SUV,ICEV,ICEV-Avg,Fleet
2034,SUV-ICE-Avg-Fleet,2.199554718,SUV,ICEV,ICEV-Avg,Fleet
2035,SUV-ICE-Avg-Fleet,1.918416619,SUV,ICEV,ICEV-Avg,Fleet
2036,SUV-ICE-Avg-Fleet,1.621763006,SUV,ICEV,ICEV-Avg,Fleet
2037,SUV-ICE-Avg-Fleet,1.334111766,SUV,ICEV,ICEV-Avg,Fleet
2038,SUV-ICE-Avg-Fleet,1.077165128,SUV,ICEV,ICEV-Avg,Fleet
2039,SUV-ICE-Avg-Fleet,0.857596322,SUV,ICEV,ICEV-Avg,Fleet
2040,SUV-ICE-Avg-Fleet,0.676826677,SUV,ICEV,ICEV-Avg,Fleet
2041,SUV-ICE-Avg-Fleet,0.530723114,SUV,ICEV,ICEV-Avg,Fleet
2042,SUV-ICE-Avg-Fleet,0.413807151,SUV,ICEV,ICEV-Avg,Fleet
2043,SUV-ICE-Avg-Fleet,0.321504398,SUV,ICEV,ICEV-Avg,Fleet
2044,SUV-ICE-Avg-Fleet,0.249311873,SUV,ICEV,ICEV-Avg,Fleet
2045,SUV-ICE-Avg-Fleet,0.193089968,SUV,ICEV,ICEV-Avg,Fleet
2046,SUV-ICE-Avg-Fleet,0.149455385,SUV,ICEV,ICEV-Avg,Fleet
2047,SUV-ICE-Avg-Fleet,0.115479473,SUV,ICEV,ICEV-Avg,Fleet
2048,SUV-ICE-Avg-Fleet,0.088935524,SUV,ICEV,ICEV-Avg,Fleet
2049,SUV-ICE-Avg-Fleet,0.068086808,SUV,ICEV,ICEV-Avg,Fleet
2050,SUV-ICE-Avg-Fleet,0.051756803,SUV,ICEV,ICEV-Avg,Fleet
2021,SUV-ICE-Low-Fleet,0.027656776,SUV,HEV,HEV,Fleet
2022,SUV-ICE-Low-Fleet,0.036784243,SUV,HEV,HEV,Fleet
2023,SUV-ICE-Low-Fleet,0.046908752,SUV,HEV,HEV,Fleet
2024,SUV-ICE-Low-Fleet,0.057287722,SUV,HEV,HEV,Fleet
2025,SUV-ICE-Low-Fleet,0.085705369,SUV,HEV,HEV,Fleet
2026,SUV-ICE-Low-Fleet,0.126684231,SUV,HEV,HEV,Fleet
2027,SUV-ICE-Low-Fleet,0.157755889,SUV,HEV,HEV,Fleet
2028,SUV-ICE-Low-Fleet,0.193934995,SUV,HEV,HEV,Fleet
2029,SUV-ICE-Low-Fleet,0.236594496,SUV,HEV,HEV,Fleet
2030,SUV-ICE-Low-Fleet,0.281948872,SUV,HEV,HEV,Fleet
2031,SUV-ICE-Low-Fleet,0.341790573,SUV,HEV,HEV,Fleet
2032,SUV-ICE-Low-Fleet,0.421434116,SUV,HEV,HEV,Fleet
2033,SUV-ICE-Low-Fleet,0.51777501,SUV,HEV,HEV,Fleet
2034,SUV-ICE-Low-Fleet,0.604633063,SUV,HEV,HEV,Fleet
2035,SUV-ICE-Low-Fleet,0.661215259,SUV,HEV,HEV,Fleet
2036,SUV-ICE-Low-Fleet,0.71512794,SUV,HEV,HEV,Fleet
2037,SUV-ICE-Low-Fleet,0.762809686,SUV,HEV,HEV,Fleet
2038,SUV-ICE-Low-Fleet,0.804223707,SUV,HEV,HEV,Fleet
2039,SUV-ICE-Low-Fleet,0.839037622,SUV,HEV,HEV,Fleet
2040,SUV-ICE-Low-Fleet,0.863828424,SUV,HEV,HEV,Fleet
2041,SUV-ICE-Low-Fleet,0.881720403,SUV,HEV,HEV,Fleet
2042,SUV-ICE-Low-Fleet,0.891718425,SUV,HEV,HEV,Fleet
2043,SUV-ICE-Low-Fleet,0.893049224,SUV,HEV,HEV,Fleet
2044,SUV-ICE-Low-Fleet,0.886468752,SUV,HEV,HEV,Fleet
2045,SUV-ICE-Low-Fleet,0.873715414,SUV,HEV,HEV,Fleet
2046,SUV-ICE-Low-Fleet,0.857026182,SUV,HEV,HEV,Fleet
2047,SUV-ICE-Low-Fleet,0.839714736,SUV,HEV,HEV,Fleet
2048,SUV-ICE-Low-Fleet,0.825647174,SUV,HEV,HEV,Fleet
2049,SUV-ICE-Low-Fleet,0.816876703,SUV,HEV,HEV,Fleet
2050,SUV-ICE-Low-Fleet,0.815339806,SUV,HEV,HEV,Fleet
2021,SUV-PHEV-Fleet,0.013267041,SUV,PHEV,PHEV,Fleet
2022,SUV-PHEV-Fleet,0.01969804,SUV,PHEV,PHEV,Fleet
2023,SUV-PHEV-Fleet,0.022613026,SUV,PHEV,PHEV,Fleet
2024,SUV-PHEV-Fleet,0.025383556,SUV,PHEV,PHEV,Fleet
2025,SUV-PHEV-Fleet,0.033036927,SUV,PHEV,PHEV,Fleet
2026,SUV-PHEV-Fleet,0.04072202,SUV,PHEV,PHEV,Fleet
2027,SUV-PHEV-Fleet,0.047555635,SUV,PHEV,PHEV,Fleet
2028,SUV-PHEV-Fleet,0.053341737,SUV,PHEV,PHEV,Fleet
2029,SUV-PHEV-Fleet,0.057870313,SUV,PHEV,PHEV,Fleet
2030,SUV-PHEV-Fleet,0.061045797,SUV,PHEV,PHEV,Fleet
2031,SUV-PHEV-Fleet,0.062379234,SUV,PHEV,PHEV,Fleet
2032,SUV-PHEV-Fleet,0.062497118,SUV,PHEV,PHEV,Fleet
2033,SUV-PHEV-Fleet,0.061111485,SUV,PHEV,PHEV,Fleet
2034,SUV-PHEV-Fleet,0.058543341,SUV,PHEV,PHEV,Fleet
2035,SUV-PHEV-Fleet,0.055133475,SUV,PHEV,PHEV,Fleet
2036,SUV-PHEV-Fleet,0.051148969,SUV,PHEV,PHEV,Fleet
2037,SUV-PHEV-Fleet,0.04662278,SUV,PHEV,PHEV,Fleet
2038,SUV-PHEV-Fleet,0.04171286,SUV,PHEV,PHEV,Fleet
2039,SUV-PHEV-Fleet,0.036444019,SUV,PHEV,PHEV,Fleet
2040,SUV-PHEV-Fleet,0.031039334,SUV,PHEV,PHEV,Fleet
2041,SUV-PHEV-Fleet,0.025713112,SUV,PHEV,PHEV,Fleet
2042,SUV-PHEV-Fleet,0.020704829,SUV,PHEV,PHEV,Fleet
2043,SUV-PHEV-Fleet,0.016249898,SUV,PHEV,PHEV,Fleet
2044,SUV-PHEV-Fleet,0.012469208,SUV,PHEV,PHEV,Fleet
2045,SUV-PHEV-Fleet,0.009388441,SUV,PHEV,PHEV,Fleet
2046,SUV-PHEV-Fleet,0.006974257,SUV,PHEV,PHEV,Fleet
2047,SUV-PHEV-Fleet,0.00514217,SUV,PHEV,PHEV,Fleet
2048,SUV-PHEV-Fleet,0.003789914,SUV,PHEV,PHEV,Fleet
2049,SUV-PHEV-Fleet,0.002809026,SUV,PHEV,PHEV,Fleet
2050,SUV-PHEV-Fleet,0.002105529,SUV,PHEV,PHEV,Fleet
2021,SUV-BEV-Sht-Fleet,0.000474951,SUV,BEV,BEV-Sht,Fleet
2022,SUV-BEV-Sht-Fleet,0.000559217,SUV,BEV,BEV-Sht,Fleet
2023,SUV-BEV-Sht-Fleet,0.000572126,SUV,BEV,BEV-Sht,Fleet
2024,SUV-BEV-Sht-Fleet,0.000576246,SUV,BEV,BEV-Sht,Fleet
2025,SUV-BEV-Sht-Fleet,0.000576332,SUV,BEV,BEV-Sht,Fleet
2026,SUV-BEV-Sht-Fleet,0.000578504,SUV,BEV,BEV-Sht,Fleet
2027,SUV-BEV-Sht-Fleet,0.000578975,SUV,BEV,BEV-Sht,Fleet
2028,SUV-BEV-Sht-Fleet,0.000576717,SUV,BEV,BEV-Sht,Fleet
2029,SUV-BEV-Sht-Fleet,0.000567709,SUV,BEV,BEV-Sht,Fleet
2030,SUV-BEV-Sht-Fleet,0.000548123,SUV,BEV,BEV-Sht,Fleet
2031,SUV-BEV-Sht-Fleet,0.000514068,SUV,BEV,BEV-Sht,Fleet
2032,SUV-BEV-Sht-Fleet,0.000462821,SUV,BEV,BEV-Sht,Fleet
2033,SUV-BEV-Sht-Fleet,0.000395522,SUV,BEV,BEV-Sht,Fleet
2034,SUV-BEV-Sht-Fleet,0.000318773,SUV,BEV,BEV-Sht,Fleet
2035,SUV-BEV-Sht-Fleet,0.000241477,SUV,BEV,BEV-Sht,Fleet
2036,SUV-BEV-Sht-Fleet,0.000172905,SUV,BEV,BEV-Sht,Fleet
2037,SUV-BEV-Sht-Fleet,0.000117797,SUV,BEV,BEV-Sht,Fleet
2038,SUV-BEV-Sht-Fleet,7.72539E-05,SUV,BEV,BEV-Sht,Fleet
2039,SUV-BEV-Sht-Fleet,4.91445E-05,SUV,BEV,BEV-Sht,Fleet
2040,SUV-BEV-Sht-Fleet,3.06113E-05,SUV,BEV,BEV-Sht,Fleet
2041,SUV-BEV-Sht-Fleet,1.87689E-05,SUV,BEV,BEV-Sht,Fleet
2042,SUV-BEV-Sht-Fleet,1.13705E-05,SUV,BEV,BEV-Sht,Fleet
2043,SUV-BEV-Sht-Fleet,6.83675E-06,SUV,BEV,BEV-Sht,Fleet
2044,SUV-BEV-Sht-Fleet,4.09052E-06,SUV,BEV,BEV-Sht,Fleet
2045,SUV-BEV-Sht-Fleet,2.43766E-06,SUV,BEV,BEV-Sht,Fleet
2046,SUV-BEV-Sht-Fleet,1.44904E-06,SUV,BEV,BEV-Sht,Fleet
2047,SUV-BEV-Sht-Fleet,8.5947E-07,SUV,BEV,BEV-Sht,Fleet
2048,SUV-BEV-Sht-Fleet,5.09074E-07,SUV,BEV,BEV-Sht,Fleet
2049,SUV-BEV-Sht-Fleet,3.01161E-07,SUV,BEV,BEV-Sht,Fleet
2050,SUV-BEV-Sht-Fleet,1.78104E-07,SUV,BEV,BEV-Sht,Fleet
2021,SUV-BEV-Mid-Fleet,0.004080128,SUV,BEV,BEV-Mid,Fleet
2022,SUV-BEV-Mid-Fleet,0.004415181,SUV,BEV,BEV-Mid,Fleet
2023,SUV-BEV-Mid-Fleet,0.004444674,SUV,BEV,BEV-Mid,Fleet
2024,SUV-BEV-Mid-Fleet,0.004476255,SUV,BEV,BEV-Mid,Fleet
2025,SUV-BEV-Mid-Fleet,0.004465488,SUV,BEV,BEV-Mid,Fleet
2026,SUV-BEV-Mid-Fleet,0.004469362,SUV,BEV,BEV-Mid,Fleet
2027,SUV-BEV-Mid-Fleet,0.004475551,SUV,BEV,BEV-Mid,Fleet
2028,SUV-BEV-Mid-Fleet,0.004457059,SUV,BEV,BEV-Mid,Fleet
2029,SUV-BEV-Mid-Fleet,0.004384606,SUV,BEV,BEV-Mid,Fleet
2030,SUV-BEV-Mid-Fleet,0.004229748,SUV,BEV,BEV-Mid,Fleet
2031,SUV-BEV-Mid-Fleet,0.003961193,SUV,BEV,BEV-Mid,Fleet
2032,SUV-BEV-Mid-Fleet,0.003556487,SUV,BEV,BEV-Mid,Fleet
2033,SUV-BEV-Mid-Fleet,0.003024824,SUV,BEV,BEV-Mid,Fleet
2034,SUV-BEV-Mid-Fleet,0.002419103,SUV,BEV,BEV-Mid,Fleet
2035,SUV-BEV-Mid-Fleet,0.001812553,SUV,BEV,BEV-Mid,Fleet
2036,SUV-BEV-Mid-Fleet,0.001280448,SUV,BEV,BEV-Mid,Fleet
2037,SUV-BEV-Mid-Fleet,0.000859826,SUV,BEV,BEV-Mid,Fleet
2038,SUV-BEV-Mid-Fleet,0.000556119,SUV,BEV,BEV-Mid,Fleet
2039,SUV-BEV-Mid-Fleet,0.000349469,SUV,BEV,BEV-Mid,Fleet
2040,SUV-BEV-Mid-Fleet,0.000215497,SUV,BEV,BEV-Mid,Fleet
2041,SUV-BEV-Mid-Fleet,0.000131099,SUV,BEV,BEV-Mid,Fleet
2042,SUV-BEV-Mid-Fleet,7.89654E-05,SUV,BEV,BEV-Mid,Fleet
2043,SUV-BEV-Mid-Fleet,4.72868E-05,SUV,BEV,BEV-Mid,Fleet
2044,SUV-BEV-Mid-Fleet,2.8214E-05,SUV,BEV,BEV-Mid,Fleet
2045,SUV-BEV-Mid-Fleet,1.67827E-05,SUV,BEV,BEV-Mid,Fleet
2046,SUV-BEV-Mid-Fleet,9.96444E-06,SUV,BEV,BEV-Mid,Fleet
2047,SUV-BEV-Mid-Fleet,5.90578E-06,SUV,BEV,BEV-Mid,Fleet
2048,SUV-BEV-Mid-Fleet,3.49642E-06,SUV,BEV,BEV-Mid,Fleet
2049,SUV-BEV-Mid-Fleet,2.06784E-06,SUV,BEV,BEV-Mid,Fleet
2050,SUV-BEV-Mid-Fleet,1.22269E-06,SUV,BEV,BEV-Mid,Fleet
2021,SUV-BEV-Lng-Fleet,0.025398225,SUV,BEV,BEV-Lng,Fleet
2022,SUV-BEV-Lng-Fleet,0.054671487,SUV,BEV,BEV-Lng,Fleet
2023,SUV-BEV-Lng-Fleet,0.141247965,SUV,BEV,BEV-Lng,Fleet
2024,SUV-BEV-Lng-Fleet,0.317236824,SUV,BEV,BEV-Lng,Fleet
2025,SUV-BEV-Lng-Fleet,0.452223038,SUV,BEV,BEV-Lng,Fleet
2026,SUV-BEV-Lng-Fleet,0.606754222,SUV,BEV,BEV-Lng,Fleet
2027,SUV-BEV-Lng-Fleet,0.776541759,SUV,BEV,BEV-Lng,Fleet
2028,SUV-BEV-Lng-Fleet,0.960200736,SUV,BEV,BEV-Lng,Fleet
2029,SUV-BEV-Lng-Fleet,1.168292816,SUV,BEV,BEV-Lng,Fleet
2030,SUV-BEV-Lng-Fleet,1.37461864,SUV,BEV,BEV-Lng,Fleet
2031,SUV-BEV-Lng-Fleet,1.599356505,SUV,BEV,BEV-Lng,Fleet
2032,SUV-BEV-Lng-Fleet,1.795811722,SUV,BEV,BEV-Lng,Fleet
2033,SUV-BEV-Lng-Fleet,1.976189508,SUV,BEV,BEV-Lng,Fleet
2034,SUV-BEV-Lng-Fleet,2.145147332,SUV,BEV,BEV-Lng,Fleet
2035,SUV-BEV-Lng-Fleet,2.30603097,SUV,BEV,BEV-Lng,Fleet
2036,SUV-BEV-Lng-Fleet,2.453048326,SUV,BEV,BEV-Lng,Fleet
2037,SUV-BEV-Lng-Fleet,2.58240857,SUV,BEV,BEV-Lng,Fleet
2038,SUV-BEV-Lng-Fleet,2.699110098,SUV,BEV,BEV-Lng,Fleet
2039,SUV-BEV-Lng-Fleet,2.798512425,SUV,BEV,BEV-Lng,Fleet
2040,SUV-BEV-Lng-Fleet,2.888520957,SUV,BEV,BEV-Lng,Fleet
2041,SUV-BEV-Lng-Fleet,2.956713309,SUV,BEV,BEV-Lng,Fleet
2042,SUV-BEV-Lng-Fleet,3.000906302,SUV,BEV,BEV-Lng,Fleet
2043,SUV-BEV-Lng-Fleet,3.025545117,SUV,BEV,BEV-Lng,Fleet
2044,SUV-BEV-Lng-Fleet,3.032614635,SUV,BEV,BEV-Lng,Fleet
2045,SUV-BEV-Lng-Fleet,3.021141626,SUV,BEV,BEV-Lng,Fleet
2046,SUV-BEV-Lng-Fleet,3.010108555,SUV,BEV,BEV-Lng,Fleet
2047,SUV-BEV-Lng-Fleet,2.998741842,SUV,BEV,BEV-Lng,Fleet
2048,SUV-BEV-Lng-Fleet,2.987956165,SUV,BEV,BEV-Lng,Fleet
2049,SUV-BEV-Lng-Fleet,2.976981827,SUV,BEV,BEV-Lng,Fleet
2050,SUV-BEV-Lng-Fleet,2.967273236,SUV,BEV,BEV-Lng,Fleet
2021,SUV-FCEV-Fleet,4.89172E-22,SUV,FCEV,FCEV,Fleet
2022,SUV-FCEV-Fleet,5.04397E-21,SUV,FCEV,FCEV,Fleet
2023,SUV-FCEV-Fleet,1.68988E-20,SUV,FCEV,FCEV,Fleet
2024,SUV-FCEV-Fleet,1.69776E-20,SUV,FCEV,FCEV,Fleet
2025,SUV-FCEV-Fleet,1.73524E-20,SUV,FCEV,FCEV,Fleet
2026,SUV-FCEV-Fleet,1.09271E-05,SUV,FCEV,FCEV,Fleet
2027,SUV-FCEV-Fleet,2.53683E-05,SUV,FCEV,FCEV,Fleet
2028,SUV-FCEV-Fleet,5.47316E-05,SUV,FCEV,FCEV,Fleet
2029,SUV-FCEV-Fleet,0.000102601,SUV,FCEV,FCEV,Fleet
2030,SUV-FCEV-Fleet,0.000179056,SUV,FCEV,FCEV,Fleet
2031,SUV-FCEV-Fleet,0.000259081,SUV,FCEV,FCEV,Fleet
2032,SUV-FCEV-Fleet,0.000322479,SUV,FCEV,FCEV,Fleet
2033,SUV-FCEV-Fleet,0.000382632,SUV,FCEV,FCEV,Fleet
2034,SUV-FCEV-Fleet,0.000427441,SUV,FCEV,FCEV,Fleet
2035,SUV-FCEV-Fleet,0.000460585,SUV,FCEV,FCEV,Fleet
2036,SUV-FCEV-Fleet,0.000486587,SUV,FCEV,FCEV,Fleet
2037,SUV-FCEV-Fleet,0.000504882,SUV,FCEV,FCEV,Fleet
2038,SUV-FCEV-Fleet,0.000515861,SUV,FCEV,FCEV,Fleet
2039,SUV-FCEV-Fleet,0.000518159,SUV,FCEV,FCEV,Fleet
2040,SUV-FCEV-Fleet,0.000511607,SUV,FCEV,FCEV,Fleet
2041,SUV-FCEV-Fleet,0.000495217,SUV,FCEV,FCEV,Fleet
2042,SUV-FCEV-Fleet,0.000468271,SUV,FCEV,FCEV,Fleet
2043,SUV-FCEV-Fleet,0.000432151,SUV,FCEV,FCEV,Fleet
2044,SUV-FCEV-Fleet,0.000389012,SUV,FCEV,FCEV,Fleet
2045,SUV-FCEV-Fleet,0.00034161,SUV,FCEV,FCEV,Fleet
2046,SUV-FCEV-Fleet,0.000293714,SUV,FCEV,FCEV,Fleet
2047,SUV-FCEV-Fleet,0.000248022,SUV,FCEV,FCEV,Fleet
2048,SUV-FCEV-Fleet,0.00020659,SUV,FCEV,FCEV,Fleet
2049,SUV-FCEV-Fleet,0.000170378,SUV,FCEV,FCEV,Fleet
2050,SUV-FCEV-Fleet,0.00013969,SUV,FCEV,FCEV,Fleet
2021,SUV-H2ICE-Fleet,0,SUV,H2ICEV,H2ICE,Fleet
2022,SUV-H2ICE-Fleet,0,SUV,H2ICEV,H2ICE,Fleet
2023,SUV-H2ICE-Fleet,0,SUV,H2ICEV,H2ICE,Fleet
2024,SUV-H2ICE-Fleet,0,SUV,H2ICEV,H2ICE,Fleet
2025,SUV-H2ICE-Fleet,0,SUV,H2ICEV,H2ICE,Fleet
2026,SUV-H2ICE-Fleet,0,SUV,H2ICEV,H2ICE,Fleet
2027,SUV-H2ICE-Fleet,0,SUV,H2ICEV,H2ICE,Fleet
2028,SUV-H2ICE-Fleet,0,SUV,H2ICEV,H2ICE,Fleet
2029,SUV-H2ICE-Fleet,0,SUV,H2ICEV,H2ICE,Fleet
2030,SUV-H2ICE-Fleet,0,SUV,H2ICEV,H2ICE,Fleet
2031,SUV-H2ICE-Fleet,0,SUV,H2ICEV,H2ICE,Fleet
2032,SUV-H2ICE-Fleet,0,SUV,H2ICEV,H2ICE,Fleet
2033,SUV-H2ICE-Fleet,0,SUV,H2ICEV,H2ICE,Fleet
2034,SUV-H2ICE-Fleet,0,SUV,H2ICEV,H2ICE,Fleet
2035,SUV-H2ICE-Fleet,0,SUV,H2ICEV,H2ICE,Fleet
2036,SUV-H2ICE-Fleet,0,SUV,H2ICEV,H2ICE,Fleet
2037,SUV-H2ICE-Fleet,0,SUV,H2ICEV,H2ICE,Fleet
2038,SUV-H2ICE-Fleet,0,SUV,H2ICEV,H2ICE,Fleet
2039,SUV-H2ICE-Fleet,0,SUV,H2ICEV,H2ICE,Fleet
2040,SUV-H2ICE-Fleet,0,SUV,H2ICEV,H2ICE,Fleet
2041,SUV-H2ICE-Fleet,0,SUV,H2ICEV,H2ICE,Fleet
2042,SUV-H2ICE-Fleet,0,SUV,H2ICEV,H2ICE,Fleet
2043,SUV-H2ICE-Fleet,0,SUV,H2ICEV,H2ICE,Fleet
2044,SUV-H2ICE-Fleet,0,SUV,H2ICEV,H2ICE,Fleet
2045,SUV-H2ICE-Fleet,0,SUV,H2ICEV,H2ICE,Fleet
2046,SUV-H2ICE-Fleet,0,SUV,H2ICEV,H2ICE,Fleet
2047,SUV-H2ICE-Fleet,0,SUV,H2ICEV,H2ICE,Fleet
2048,SUV-H2ICE-Fleet,0,SUV,H2ICEV,H2ICE,Fleet
2049,SUV-H2ICE-Fleet,0,SUV,H2ICEV,H2ICE,Fleet
2050,SUV-H2ICE-Fleet,0,SUV,H2ICEV,H2ICE,Fleet
